trial_id,lr,weight_decay,hidden_dim,dropout,visibility_threshold,label_smoothing,xy_noise_std,joint_dropout,grad_clip_norm,command,status,returncode,best_val_acc,test_loss,test_acc,log_path,sampled_from_full_index
1,0.0003,0.01,256,0.2,0.15,0.05,0.005,0.02,1.0,/Users/hanyiliu/anaconda3/bin/python /Users/hanyiliu/Documents/GitHub/tennis-pose-detection/train/pose_train_predicted.py --feature_path /Users/hanyiliu/Documents/GitHub/tennis-pose-detection/saved_models/stage3_predicted_keypoints.pt --epochs 50 --batch_size 64 --train_split 0.7 --val_split 0.15 --test_split 0.15 --seed 42 --early_stop_patience 12 --lr 0.0003 --weight_decay 0.01 --hidden_dim 256 --dropout 0.2 --visibility_threshold 0.15 --label_smoothing 0.05 --xy_noise_std 0.005 --joint_dropout 0.02 --grad_clip_norm 1.0,ok,0,0.8066666666666666,5.1596,0.73,/Users/hanyiliu/Documents/GitHub/tennis-pose-detection/training_outputs/pose_grid_search_logs_20260310_024913/trial_001.log,1701
2,0.0003,0.01,256,0.4,0.1,0.03,0.001,0.05,2.0,/Users/hanyiliu/anaconda3/bin/python /Users/hanyiliu/Documents/GitHub/tennis-pose-detection/train/pose_train_predicted.py --feature_path /Users/hanyiliu/Documents/GitHub/tennis-pose-detection/saved_models/stage3_predicted_keypoints.pt --epochs 50 --batch_size 64 --train_split 0.7 --val_split 0.15 --test_split 0.15 --seed 42 --early_stop_patience 12 --lr 0.0003 --weight_decay 0.01 --hidden_dim 256 --dropout 0.4 --visibility_threshold 0.1 --label_smoothing 0.03 --xy_noise_std 0.001 --joint_dropout 0.05 --grad_clip_norm 2.0,ok,0,0.7666666666666667,0.6878,0.7433,/Users/hanyiliu/Documents/GitHub/tennis-pose-detection/training_outputs/pose_grid_search_logs_20260310_024913/trial_002.log,3407
3,0.0003,0.01,384,0.2,0.2,0.05,0.001,0.0,2.0,/Users/hanyiliu/anaconda3/bin/python /Users/hanyiliu/Documents/GitHub/tennis-pose-detection/train/pose_train_predicted.py --feature_path /Users/hanyiliu/Documents/GitHub/tennis-pose-detection/saved_models/stage3_predicted_keypoints.pt --epochs 50 --batch_size 64 --train_split 0.7 --val_split 0.15 --test_split 0.15 --seed 42 --early_stop_patience 12 --lr 0.0003 --weight_decay 0.01 --hidden_dim 384 --dropout 0.2 --visibility_threshold 0.2 --label_smoothing 0.05 --xy_noise_std 0.001 --joint_dropout 0.0 --grad_clip_norm 2.0,ok,0,0.8366666666666667,0.5931,0.7467,/Users/hanyiliu/Documents/GitHub/tennis-pose-detection/training_outputs/pose_grid_search_logs_20260310_024913/trial_003.log,6019
4,0.0003,0.01,768,0.15,0.2,0.0,0.01,0.03,0.5,/Users/hanyiliu/anaconda3/bin/python /Users/hanyiliu/Documents/GitHub/tennis-pose-detection/train/pose_train_predicted.py --feature_path /Users/hanyiliu/Documents/GitHub/tennis-pose-detection/saved_models/stage3_predicted_keypoints.pt --epochs 50 --batch_size 64 --train_split 0.7 --val_split 0.15 --test_split 0.15 --seed 42 --early_stop_patience 12 --lr 0.0003 --weight_decay 0.01 --hidden_dim 768 --dropout 0.15 --visibility_threshold 0.2 --label_smoothing 0.0 --xy_noise_std 0.01 --joint_dropout 0.03 --grad_clip_norm 0.5,ok,0,0.82,21.6339,0.7733,/Users/hanyiliu/Documents/GitHub/tennis-pose-detection/training_outputs/pose_grid_search_logs_20260310_024913/trial_004.log,13112
5,0.0003,0.01,768,0.2,0.15,0.03,0.003,0.03,0.5,/Users/hanyiliu/anaconda3/bin/python /Users/hanyiliu/Documents/GitHub/tennis-pose-detection/train/pose_train_predicted.py --feature_path /Users/hanyiliu/Documents/GitHub/tennis-pose-detection/saved_models/stage3_predicted_keypoints.pt --epochs 50 --batch_size 64 --train_split 0.7 --val_split 0.15 --test_split 0.15 --seed 42 --early_stop_patience 12 --lr 0.0003 --weight_decay 0.01 --hidden_dim 768 --dropout 0.2 --visibility_threshold 0.15 --label_smoothing 0.03 --xy_noise_std 0.003 --joint_dropout 0.03 --grad_clip_norm 0.5,ok,0,0.8033333333333333,25.2919,0.7433,/Users/hanyiliu/Documents/GitHub/tennis-pose-detection/training_outputs/pose_grid_search_logs_20260310_024913/trial_005.log,13912
6,0.0003,0.01,768,0.4,0.1,0.0,0.001,0.02,1.5,/Users/hanyiliu/anaconda3/bin/python /Users/hanyiliu/Documents/GitHub/tennis-pose-detection/train/pose_train_predicted.py --feature_path /Users/hanyiliu/Documents/GitHub/tennis-pose-detection/saved_models/stage3_predicted_keypoints.pt --epochs 50 --batch_size 64 --train_split 0.7 --val_split 0.15 --test_split 0.15 --seed 42 --early_stop_patience 12 --lr 0.0003 --weight_decay 0.01 --hidden_dim 768 --dropout 0.4 --visibility_threshold 0.1 --label_smoothing 0.0 --xy_noise_std 0.001 --joint_dropout 0.02 --grad_clip_norm 1.5,ok,0,0.8266666666666667,0.6135,0.77,/Users/hanyiliu/Documents/GitHub/tennis-pose-detection/training_outputs/pose_grid_search_logs_20260310_024913/trial_006.log,15622
7,0.0003,0.007,256,0.15,0.1,0.0,0.003,0.02,2.0,/Users/hanyiliu/anaconda3/bin/python /Users/hanyiliu/Documents/GitHub/tennis-pose-detection/train/pose_train_predicted.py --feature_path /Users/hanyiliu/Documents/GitHub/tennis-pose-detection/saved_models/stage3_predicted_keypoints.pt --epochs 50 --batch_size 64 --train_split 0.7 --val_split 0.15 --test_split 0.15 --seed 42 --early_stop_patience 12 --lr 0.0003 --weight_decay 0.007 --hidden_dim 256 --dropout 0.15 --visibility_threshold 0.1 --label_smoothing 0.0 --xy_noise_std 0.003 --joint_dropout 0.02 --grad_clip_norm 2.0,ok,0,0.8033333333333333,0.632,0.7433,/Users/hanyiliu/Documents/GitHub/tennis-pose-detection/training_outputs/pose_grid_search_logs_20260310_024913/trial_007.log,16663
8,0.0003,0.007,256,0.15,0.1,0.05,0.01,0.05,1.0,/Users/hanyiliu/anaconda3/bin/python /Users/hanyiliu/Documents/GitHub/tennis-pose-detection/train/pose_train_predicted.py --feature_path /Users/hanyiliu/Documents/GitHub/tennis-pose-detection/saved_models/stage3_predicted_keypoints.pt --epochs 50 --batch_size 64 --train_split 0.7 --val_split 0.15 --test_split 0.15 --seed 42 --early_stop_patience 12 --lr 0.0003 --weight_decay 0.007 --hidden_dim 256 --dropout 0.15 --visibility_threshold 0.1 --label_smoothing 0.05 --xy_noise_std 0.01 --joint_dropout 0.05 --grad_clip_norm 1.0,ok,0,0.8,0.6828,0.7367,/Users/hanyiliu/Documents/GitHub/tennis-pose-detection/training_outputs/pose_grid_search_logs_20260310_024913/trial_008.log,16829
9,0.0003,0.007,384,0.3,0.0,0.1,0.01,0.05,0.5,/Users/hanyiliu/anaconda3/bin/python /Users/hanyiliu/Documents/GitHub/tennis-pose-detection/train/pose_train_predicted.py --feature_path /Users/hanyiliu/Documents/GitHub/tennis-pose-detection/saved_models/stage3_predicted_keypoints.pt --epochs 50 --batch_size 64 --train_split 0.7 --val_split 0.15 --test_split 0.15 --seed 42 --early_stop_patience 12 --lr 0.0003 --weight_decay 0.007 --hidden_dim 384 --dropout 0.3 --visibility_threshold 0.0 --label_smoothing 0.1 --xy_noise_std 0.01 --joint_dropout 0.05 --grad_clip_norm 0.5,ok,0,0.8066666666666666,0.6786,0.7533,/Users/hanyiliu/Documents/GitHub/tennis-pose-detection/training_outputs/pose_grid_search_logs_20260310_024913/trial_009.log,22780
10,0.0003,0.007,384,0.4,0.1,0.1,0.003,0.03,1.0,/Users/hanyiliu/anaconda3/bin/python /Users/hanyiliu/Documents/GitHub/tennis-pose-detection/train/pose_train_predicted.py --feature_path /Users/hanyiliu/Documents/GitHub/tennis-pose-detection/saved_models/stage3_predicted_keypoints.pt --epochs 50 --batch_size 64 --train_split 0.7 --val_split 0.15 --test_split 0.15 --seed 42 --early_stop_patience 12 --lr 0.0003 --weight_decay 0.007 --hidden_dim 384 --dropout 0.4 --visibility_threshold 0.1 --label_smoothing 0.1 --xy_noise_std 0.003 --joint_dropout 0.03 --grad_clip_norm 1.0,ok,0,0.8033333333333333,0.664,0.76,/Users/hanyiliu/Documents/GitHub/tennis-pose-detection/training_outputs/pose_grid_search_logs_20260310_024913/trial_010.log,24025
11,0.0003,0.007,512,0.15,0.0,0.03,0.01,0.05,1.5,/Users/hanyiliu/anaconda3/bin/python /Users/hanyiliu/Documents/GitHub/tennis-pose-detection/train/pose_train_predicted.py --feature_path /Users/hanyiliu/Documents/GitHub/tennis-pose-detection/saved_models/stage3_predicted_keypoints.pt --epochs 50 --batch_size 64 --train_split 0.7 --val_split 0.15 --test_split 0.15 --seed 42 --early_stop_patience 12 --lr 0.0003 --weight_decay 0.007 --hidden_dim 512 --dropout 0.15 --visibility_threshold 0.0 --label_smoothing 0.03 --xy_noise_std 0.01 --joint_dropout 0.05 --grad_clip_norm 1.5,ok,0,0.81,1890.3917,0.77,/Users/hanyiliu/Documents/GitHub/tennis-pose-detection/training_outputs/pose_grid_search_logs_20260310_024913/trial_011.log,24702
12,0.0003,0.007,768,0.15,0.15,0.05,0.001,0.05,2.0,/Users/hanyiliu/anaconda3/bin/python /Users/hanyiliu/Documents/GitHub/tennis-pose-detection/train/pose_train_predicted.py --feature_path /Users/hanyiliu/Documents/GitHub/tennis-pose-detection/saved_models/stage3_predicted_keypoints.pt --epochs 50 --batch_size 64 --train_split 0.7 --val_split 0.15 --test_split 0.15 --seed 42 --early_stop_patience 12 --lr 0.0003 --weight_decay 0.007 --hidden_dim 768 --dropout 0.15 --visibility_threshold 0.15 --label_smoothing 0.05 --xy_noise_std 0.001 --joint_dropout 0.05 --grad_clip_norm 2.0,ok,0,0.81,0.6485,0.73,/Users/hanyiliu/Documents/GitHub/tennis-pose-detection/training_outputs/pose_grid_search_logs_20260310_024913/trial_012.log,29327
13,0.0003,0.005,256,0.15,0.15,0.0,0.003,0.03,1.5,/Users/hanyiliu/anaconda3/bin/python /Users/hanyiliu/Documents/GitHub/tennis-pose-detection/train/pose_train_predicted.py --feature_path /Users/hanyiliu/Documents/GitHub/tennis-pose-detection/saved_models/stage3_predicted_keypoints.pt --epochs 50 --batch_size 64 --train_split 0.7 --val_split 0.15 --test_split 0.15 --seed 42 --early_stop_patience 12 --lr 0.0003 --weight_decay 0.005 --hidden_dim 256 --dropout 0.15 --visibility_threshold 0.15 --label_smoothing 0.0 --xy_noise_std 0.003 --joint_dropout 0.03 --grad_clip_norm 1.5,ok,0,0.82,0.6371,0.7433,/Users/hanyiliu/Documents/GitHub/tennis-pose-detection/training_outputs/pose_grid_search_logs_20260310_024913/trial_013.log,33306
14,0.0003,0.005,256,0.2,0.2,0.05,0.001,0.05,1.0,/Users/hanyiliu/anaconda3/bin/python /Users/hanyiliu/Documents/GitHub/tennis-pose-detection/train/pose_train_predicted.py --feature_path /Users/hanyiliu/Documents/GitHub/tennis-pose-detection/saved_models/stage3_predicted_keypoints.pt --epochs 50 --batch_size 64 --train_split 0.7 --val_split 0.15 --test_split 0.15 --seed 42 --early_stop_patience 12 --lr 0.0003 --weight_decay 0.005 --hidden_dim 256 --dropout 0.2 --visibility_threshold 0.2 --label_smoothing 0.05 --xy_noise_std 0.001 --joint_dropout 0.05 --grad_clip_norm 1.0,ok,0,0.7933333333333333,0.6526,0.7367,/Users/hanyiliu/Documents/GitHub/tennis-pose-detection/training_outputs/pose_grid_search_logs_20260310_024913/trial_014.log,34701
15,0.0003,0.005,256,0.4,0.15,0.03,0.01,0.0,1.5,/Users/hanyiliu/anaconda3/bin/python /Users/hanyiliu/Documents/GitHub/tennis-pose-detection/train/pose_train_predicted.py --feature_path /Users/hanyiliu/Documents/GitHub/tennis-pose-detection/saved_models/stage3_predicted_keypoints.pt --epochs 50 --batch_size 64 --train_split 0.7 --val_split 0.15 --test_split 0.15 --seed 42 --early_stop_patience 12 --lr 0.0003 --weight_decay 0.005 --hidden_dim 256 --dropout 0.4 --visibility_threshold 0.15 --label_smoothing 0.03 --xy_noise_std 0.01 --joint_dropout 0.0 --grad_clip_norm 1.5,ok,0,0.7866666666666666,50.8596,0.7333,/Users/hanyiliu/Documents/GitHub/tennis-pose-detection/training_outputs/pose_grid_search_logs_20260310_024913/trial_015.log,36466
16,0.0003,0.005,384,0.15,0.15,0.0,0.01,0.03,2.0,/Users/hanyiliu/anaconda3/bin/python /Users/hanyiliu/Documents/GitHub/tennis-pose-detection/train/pose_train_predicted.py --feature_path /Users/hanyiliu/Documents/GitHub/tennis-pose-detection/saved_models/stage3_predicted_keypoints.pt --epochs 50 --batch_size 64 --train_split 0.7 --val_split 0.15 --test_split 0.15 --seed 42 --early_stop_patience 12 --lr 0.0003 --weight_decay 0.005 --hidden_dim 384 --dropout 0.15 --visibility_threshold 0.15 --label_smoothing 0.0 --xy_noise_std 0.01 --joint_dropout 0.03 --grad_clip_norm 2.0,ok,0,0.8233333333333334,0.6307,0.7467,/Users/hanyiliu/Documents/GitHub/tennis-pose-detection/training_outputs/pose_grid_search_logs_20260310_024913/trial_016.log,37435
17,0.0003,0.005,512,0.15,0.1,0.03,0.005,0.0,1.0,/Users/hanyiliu/anaconda3/bin/python /Users/hanyiliu/Documents/GitHub/tennis-pose-detection/train/pose_train_predicted.py --feature_path /Users/hanyiliu/Documents/GitHub/tennis-pose-detection/saved_models/stage3_predicted_keypoints.pt --epochs 50 --batch_size 64 --train_split 0.7 --val_split 0.15 --test_split 0.15 --seed 42 --early_stop_patience 12 --lr 0.0003 --weight_decay 0.005 --hidden_dim 512 --dropout 0.15 --visibility_threshold 0.1 --label_smoothing 0.03 --xy_noise_std 0.005 --joint_dropout 0.0 --grad_clip_norm 1.0,ok,0,0.8333333333333334,5.0045,0.7567,/Users/hanyiliu/Documents/GitHub/tennis-pose-detection/training_outputs/pose_grid_search_logs_20260310_024913/trial_017.log,41313
18,0.0003,0.005,512,0.15,0.2,0.03,0.005,0.03,1.0,/Users/hanyiliu/anaconda3/bin/python /Users/hanyiliu/Documents/GitHub/tennis-pose-detection/train/pose_train_predicted.py --feature_path /Users/hanyiliu/Documents/GitHub/tennis-pose-detection/saved_models/stage3_predicted_keypoints.pt --epochs 50 --batch_size 64 --train_split 0.7 --val_split 0.15 --test_split 0.15 --seed 42 --early_stop_patience 12 --lr 0.0003 --weight_decay 0.005 --hidden_dim 512 --dropout 0.15 --visibility_threshold 0.2 --label_smoothing 0.03 --xy_noise_std 0.005 --joint_dropout 0.03 --grad_clip_norm 1.0,ok,0,0.83,18.2363,0.7467,/Users/hanyiliu/Documents/GitHub/tennis-pose-detection/training_outputs/pose_grid_search_logs_20260310_024913/trial_018.log,41833
19,0.0003,0.005,768,0.15,0.15,0.0,0.001,0.05,0.5,/Users/hanyiliu/anaconda3/bin/python /Users/hanyiliu/Documents/GitHub/tennis-pose-detection/train/pose_train_predicted.py --feature_path /Users/hanyiliu/Documents/GitHub/tennis-pose-detection/saved_models/stage3_predicted_keypoints.pt --epochs 50 --batch_size 64 --train_split 0.7 --val_split 0.15 --test_split 0.15 --seed 42 --early_stop_patience 12 --lr 0.0003 --weight_decay 0.005 --hidden_dim 768 --dropout 0.15 --visibility_threshold 0.15 --label_smoothing 0.0 --xy_noise_std 0.001 --joint_dropout 0.05 --grad_clip_norm 0.5,ok,0,0.8066666666666666,0.6068,0.7433,/Users/hanyiliu/Documents/GitHub/tennis-pose-detection/training_outputs/pose_grid_search_logs_20260310_024913/trial_019.log,45580
20,0.0003,0.005,768,0.3,0.15,0.0,0.005,0.05,1.5,/Users/hanyiliu/anaconda3/bin/python /Users/hanyiliu/Documents/GitHub/tennis-pose-detection/train/pose_train_predicted.py --feature_path /Users/hanyiliu/Documents/GitHub/tennis-pose-detection/saved_models/stage3_predicted_keypoints.pt --epochs 50 --batch_size 64 --train_split 0.7 --val_split 0.15 --test_split 0.15 --seed 42 --early_stop_patience 12 --lr 0.0003 --weight_decay 0.005 --hidden_dim 768 --dropout 0.3 --visibility_threshold 0.15 --label_smoothing 0.0 --xy_noise_std 0.005 --joint_dropout 0.05 --grad_clip_norm 1.5,ok,0,0.8,0.635,0.7433,/Users/hanyiliu/Documents/GitHub/tennis-pose-detection/training_outputs/pose_grid_search_logs_20260310_024913/trial_020.log,47662
21,0.0003,0.005,768,0.4,0.1,0.1,0.01,0.0,1.0,/Users/hanyiliu/anaconda3/bin/python /Users/hanyiliu/Documents/GitHub/tennis-pose-detection/train/pose_train_predicted.py --feature_path /Users/hanyiliu/Documents/GitHub/tennis-pose-detection/saved_models/stage3_predicted_keypoints.pt --epochs 50 --batch_size 64 --train_split 0.7 --val_split 0.15 --test_split 0.15 --seed 42 --early_stop_patience 12 --lr 0.0003 --weight_decay 0.005 --hidden_dim 768 --dropout 0.4 --visibility_threshold 0.1 --label_smoothing 0.1 --xy_noise_std 0.01 --joint_dropout 0.0 --grad_clip_norm 1.0,ok,0,0.8466666666666667,39.3161,0.7633,/Users/hanyiliu/Documents/GitHub/tennis-pose-detection/training_outputs/pose_grid_search_logs_20260310_024913/trial_021.log,48625
22,0.0003,0.005,768,0.4,0.2,0.1,0.005,0.0,2.0,/Users/hanyiliu/anaconda3/bin/python /Users/hanyiliu/Documents/GitHub/tennis-pose-detection/train/pose_train_predicted.py --feature_path /Users/hanyiliu/Documents/GitHub/tennis-pose-detection/saved_models/stage3_predicted_keypoints.pt --epochs 50 --batch_size 64 --train_split 0.7 --val_split 0.15 --test_split 0.15 --seed 42 --early_stop_patience 12 --lr 0.0003 --weight_decay 0.005 --hidden_dim 768 --dropout 0.4 --visibility_threshold 0.2 --label_smoothing 0.1 --xy_noise_std 0.005 --joint_dropout 0.0 --grad_clip_norm 2.0,ok,0,0.8466666666666667,12.8301,0.7567,/Users/hanyiliu/Documents/GitHub/tennis-pose-detection/training_outputs/pose_grid_search_logs_20260310_024913/trial_022.log,49123
23,0.0003,0.001,256,0.2,0.15,0.0,0.003,0.0,2.0,/Users/hanyiliu/anaconda3/bin/python /Users/hanyiliu/Documents/GitHub/tennis-pose-detection/train/pose_train_predicted.py --feature_path /Users/hanyiliu/Documents/GitHub/tennis-pose-detection/saved_models/stage3_predicted_keypoints.pt --epochs 50 --batch_size 64 --train_split 0.7 --val_split 0.15 --test_split 0.15 --seed 42 --early_stop_patience 12 --lr 0.0003 --weight_decay 0.001 --hidden_dim 256 --dropout 0.2 --visibility_threshold 0.15 --label_smoothing 0.0 --xy_noise_std 0.003 --joint_dropout 0.0 --grad_clip_norm 2.0,ok,0,0.8066666666666666,0.6431,0.7467,/Users/hanyiliu/Documents/GitHub/tennis-pose-detection/training_outputs/pose_grid_search_logs_20260310_024913/trial_023.log,50707
24,0.0003,0.001,256,0.4,0.15,0.1,0.003,0.03,1.0,/Users/hanyiliu/anaconda3/bin/python /Users/hanyiliu/Documents/GitHub/tennis-pose-detection/train/pose_train_predicted.py --feature_path /Users/hanyiliu/Documents/GitHub/tennis-pose-detection/saved_models/stage3_predicted_keypoints.pt --epochs 50 --batch_size 64 --train_split 0.7 --val_split 0.15 --test_split 0.15 --seed 42 --early_stop_patience 12 --lr 0.0003 --weight_decay 0.001 --hidden_dim 256 --dropout 0.4 --visibility_threshold 0.15 --label_smoothing 0.1 --xy_noise_std 0.003 --joint_dropout 0.03 --grad_clip_norm 1.0,ok,0,0.77,4.3139,0.7333,/Users/hanyiliu/Documents/GitHub/tennis-pose-detection/training_outputs/pose_grid_search_logs_20260310_024913/trial_024.log,52953
25,0.0003,0.001,384,0.15,0.1,0.03,0.003,0.0,2.0,/Users/hanyiliu/anaconda3/bin/python /Users/hanyiliu/Documents/GitHub/tennis-pose-detection/train/pose_train_predicted.py --feature_path /Users/hanyiliu/Documents/GitHub/tennis-pose-detection/saved_models/stage3_predicted_keypoints.pt --epochs 50 --batch_size 64 --train_split 0.7 --val_split 0.15 --test_split 0.15 --seed 42 --early_stop_patience 12 --lr 0.0003 --weight_decay 0.001 --hidden_dim 384 --dropout 0.15 --visibility_threshold 0.1 --label_smoothing 0.03 --xy_noise_std 0.003 --joint_dropout 0.0 --grad_clip_norm 2.0,ok,0,0.8366666666666667,0.9729,0.76,/Users/hanyiliu/Documents/GitHub/tennis-pose-detection/training_outputs/pose_grid_search_logs_20260310_024913/trial_025.log,53587
26,0.0003,0.001,384,0.15,0.1,0.1,0.005,0.03,0.5,/Users/hanyiliu/anaconda3/bin/python /Users/hanyiliu/Documents/GitHub/tennis-pose-detection/train/pose_train_predicted.py --feature_path /Users/hanyiliu/Documents/GitHub/tennis-pose-detection/saved_models/stage3_predicted_keypoints.pt --epochs 50 --batch_size 64 --train_split 0.7 --val_split 0.15 --test_split 0.15 --seed 42 --early_stop_patience 12 --lr 0.0003 --weight_decay 0.001 --hidden_dim 384 --dropout 0.15 --visibility_threshold 0.1 --label_smoothing 0.1 --xy_noise_std 0.005 --joint_dropout 0.03 --grad_clip_norm 0.5,ok,0,0.8133333333333334,14.9007,0.75,/Users/hanyiliu/Documents/GitHub/tennis-pose-detection/training_outputs/pose_grid_search_logs_20260310_024913/trial_026.log,53736
27,0.0003,0.001,384,0.3,0.1,0.1,0.005,0.05,1.0,/Users/hanyiliu/anaconda3/bin/python /Users/hanyiliu/Documents/GitHub/tennis-pose-detection/train/pose_train_predicted.py --feature_path /Users/hanyiliu/Documents/GitHub/tennis-pose-detection/saved_models/stage3_predicted_keypoints.pt --epochs 50 --batch_size 64 --train_split 0.7 --val_split 0.15 --test_split 0.15 --seed 42 --early_stop_patience 12 --lr 0.0003 --weight_decay 0.001 --hidden_dim 384 --dropout 0.3 --visibility_threshold 0.1 --label_smoothing 0.1 --xy_noise_std 0.005 --joint_dropout 0.05 --grad_clip_norm 1.0,ok,0,0.8066666666666666,0.6847,0.7467,/Users/hanyiliu/Documents/GitHub/tennis-pose-detection/training_outputs/pose_grid_search_logs_20260310_024913/trial_027.log,55789
28,0.0003,0.001,512,0.15,0.0,0.05,0.001,0.05,2.0,/Users/hanyiliu/anaconda3/bin/python /Users/hanyiliu/Documents/GitHub/tennis-pose-detection/train/pose_train_predicted.py --feature_path /Users/hanyiliu/Documents/GitHub/tennis-pose-detection/saved_models/stage3_predicted_keypoints.pt --epochs 50 --batch_size 64 --train_split 0.7 --val_split 0.15 --test_split 0.15 --seed 42 --early_stop_patience 12 --lr 0.0003 --weight_decay 0.001 --hidden_dim 512 --dropout 0.15 --visibility_threshold 0.0 --label_smoothing 0.05 --xy_noise_std 0.001 --joint_dropout 0.05 --grad_clip_norm 2.0,ok,0,0.8066666666666666,245.1078,0.7433,/Users/hanyiliu/Documents/GitHub/tennis-pose-detection/training_outputs/pose_grid_search_logs_20260310_024913/trial_028.log,57487
29,0.0003,0.001,512,0.2,0.0,0.0,0.001,0.0,1.0,/Users/hanyiliu/anaconda3/bin/python /Users/hanyiliu/Documents/GitHub/tennis-pose-detection/train/pose_train_predicted.py --feature_path /Users/hanyiliu/Documents/GitHub/tennis-pose-detection/saved_models/stage3_predicted_keypoints.pt --epochs 50 --batch_size 64 --train_split 0.7 --val_split 0.15 --test_split 0.15 --seed 42 --early_stop_patience 12 --lr 0.0003 --weight_decay 0.001 --hidden_dim 512 --dropout 0.2 --visibility_threshold 0.0 --label_smoothing 0.0 --xy_noise_std 0.001 --joint_dropout 0.0 --grad_clip_norm 1.0,ok,0,0.8333333333333334,12338.2456,0.7733,/Users/hanyiliu/Documents/GitHub/tennis-pose-detection/training_outputs/pose_grid_search_logs_20260310_024913/trial_029.log,58369
30,0.0003,0.001,512,0.2,0.0,0.03,0.01,0.02,1.0,/Users/hanyiliu/anaconda3/bin/python /Users/hanyiliu/Documents/GitHub/tennis-pose-detection/train/pose_train_predicted.py --feature_path /Users/hanyiliu/Documents/GitHub/tennis-pose-detection/saved_models/stage3_predicted_keypoints.pt --epochs 50 --batch_size 64 --train_split 0.7 --val_split 0.15 --test_split 0.15 --seed 42 --early_stop_patience 12 --lr 0.0003 --weight_decay 0.001 --hidden_dim 512 --dropout 0.2 --visibility_threshold 0.0 --label_smoothing 0.03 --xy_noise_std 0.01 --joint_dropout 0.02 --grad_clip_norm 1.0,ok,0,0.83,0.6039,0.7633,/Users/hanyiliu/Documents/GitHub/tennis-pose-detection/training_outputs/pose_grid_search_logs_20260310_024913/trial_030.log,58485
31,0.0003,0.001,512,0.3,0.15,0.05,0.003,0.03,1.5,/Users/hanyiliu/anaconda3/bin/python /Users/hanyiliu/Documents/GitHub/tennis-pose-detection/train/pose_train_predicted.py --feature_path /Users/hanyiliu/Documents/GitHub/tennis-pose-detection/saved_models/stage3_predicted_keypoints.pt --epochs 50 --batch_size 64 --train_split 0.7 --val_split 0.15 --test_split 0.15 --seed 42 --early_stop_patience 12 --lr 0.0003 --weight_decay 0.001 --hidden_dim 512 --dropout 0.3 --visibility_threshold 0.15 --label_smoothing 0.05 --xy_noise_std 0.003 --joint_dropout 0.03 --grad_clip_norm 1.5,ok,0,0.83,0.6064,0.7567,/Users/hanyiliu/Documents/GitHub/tennis-pose-detection/training_outputs/pose_grid_search_logs_20260310_024913/trial_031.log,60058
32,0.0003,0.001,768,0.4,0.2,0.05,0.005,0.02,0.5,/Users/hanyiliu/anaconda3/bin/python /Users/hanyiliu/Documents/GitHub/tennis-pose-detection/train/pose_train_predicted.py --feature_path /Users/hanyiliu/Documents/GitHub/tennis-pose-detection/saved_models/stage3_predicted_keypoints.pt --epochs 50 --batch_size 64 --train_split 0.7 --val_split 0.15 --test_split 0.15 --seed 42 --early_stop_patience 12 --lr 0.0003 --weight_decay 0.001 --hidden_dim 768 --dropout 0.4 --visibility_threshold 0.2 --label_smoothing 0.05 --xy_noise_std 0.005 --joint_dropout 0.02 --grad_clip_norm 0.5,ok,0,0.8233333333333334,0.6248,0.7633,/Users/hanyiliu/Documents/GitHub/tennis-pose-detection/training_outputs/pose_grid_search_logs_20260310_024913/trial_032.log,65444
33,0.0005,0.01,384,0.3,0.2,0.03,0.001,0.05,1.0,/Users/hanyiliu/anaconda3/bin/python /Users/hanyiliu/Documents/GitHub/tennis-pose-detection/train/pose_train_predicted.py --feature_path /Users/hanyiliu/Documents/GitHub/tennis-pose-detection/saved_models/stage3_predicted_keypoints.pt --epochs 50 --batch_size 64 --train_split 0.7 --val_split 0.15 --test_split 0.15 --seed 42 --early_stop_patience 12 --lr 0.0005 --weight_decay 0.01 --hidden_dim 384 --dropout 0.3 --visibility_threshold 0.2 --label_smoothing 0.03 --xy_noise_std 0.001 --joint_dropout 0.05 --grad_clip_norm 1.0,ok,0,0.81,8.1737,0.7233,/Users/hanyiliu/Documents/GitHub/tennis-pose-detection/training_outputs/pose_grid_search_logs_20260310_024913/trial_033.log,72525
34,0.0005,0.01,384,0.4,0.1,0.1,0.001,0.02,1.5,/Users/hanyiliu/anaconda3/bin/python /Users/hanyiliu/Documents/GitHub/tennis-pose-detection/train/pose_train_predicted.py --feature_path /Users/hanyiliu/Documents/GitHub/tennis-pose-detection/saved_models/stage3_predicted_keypoints.pt --epochs 50 --batch_size 64 --train_split 0.7 --val_split 0.15 --test_split 0.15 --seed 42 --early_stop_patience 12 --lr 0.0005 --weight_decay 0.01 --hidden_dim 384 --dropout 0.4 --visibility_threshold 0.1 --label_smoothing 0.1 --xy_noise_std 0.001 --joint_dropout 0.02 --grad_clip_norm 1.5,ok,0,0.8233333333333334,1.8453,0.7367,/Users/hanyiliu/Documents/GitHub/tennis-pose-detection/training_outputs/pose_grid_search_logs_20260310_024913/trial_034.log,73158
35,0.0005,0.01,384,0.4,0.1,0.1,0.01,0.02,1.5,/Users/hanyiliu/anaconda3/bin/python /Users/hanyiliu/Documents/GitHub/tennis-pose-detection/train/pose_train_predicted.py --feature_path /Users/hanyiliu/Documents/GitHub/tennis-pose-detection/saved_models/stage3_predicted_keypoints.pt --epochs 50 --batch_size 64 --train_split 0.7 --val_split 0.15 --test_split 0.15 --seed 42 --early_stop_patience 12 --lr 0.0005 --weight_decay 0.01 --hidden_dim 384 --dropout 0.4 --visibility_threshold 0.1 --label_smoothing 0.1 --xy_noise_std 0.01 --joint_dropout 0.02 --grad_clip_norm 1.5,ok,0,0.8166666666666667,8.5853,0.76,/Users/hanyiliu/Documents/GitHub/tennis-pose-detection/training_outputs/pose_grid_search_logs_20260310_024913/trial_035.log,73206
36,0.0005,0.01,512,0.2,0.0,0.05,0.003,0.03,1.0,/Users/hanyiliu/anaconda3/bin/python /Users/hanyiliu/Documents/GitHub/tennis-pose-detection/train/pose_train_predicted.py --feature_path /Users/hanyiliu/Documents/GitHub/tennis-pose-detection/saved_models/stage3_predicted_keypoints.pt --epochs 50 --batch_size 64 --train_split 0.7 --val_split 0.15 --test_split 0.15 --seed 42 --early_stop_patience 12 --lr 0.0005 --weight_decay 0.01 --hidden_dim 512 --dropout 0.2 --visibility_threshold 0.0 --label_smoothing 0.05 --xy_noise_std 0.003 --joint_dropout 0.03 --grad_clip_norm 1.0,ok,0,0.8366666666666667,0.6186,0.7533,/Users/hanyiliu/Documents/GitHub/tennis-pose-detection/training_outputs/pose_grid_search_logs_20260310_024913/trial_036.log,74905
37,0.0005,0.01,768,0.3,0.1,0.0,0.001,0.0,2.0,/Users/hanyiliu/anaconda3/bin/python /Users/hanyiliu/Documents/GitHub/tennis-pose-detection/train/pose_train_predicted.py --feature_path /Users/hanyiliu/Documents/GitHub/tennis-pose-detection/saved_models/stage3_predicted_keypoints.pt --epochs 50 --batch_size 64 --train_split 0.7 --val_split 0.15 --test_split 0.15 --seed 42 --early_stop_patience 12 --lr 0.0005 --weight_decay 0.01 --hidden_dim 768 --dropout 0.3 --visibility_threshold 0.1 --label_smoothing 0.0 --xy_noise_std 0.001 --joint_dropout 0.0 --grad_clip_norm 2.0,ok,0,0.8433333333333334,0.6848,0.75,/Users/hanyiliu/Documents/GitHub/tennis-pose-detection/training_outputs/pose_grid_search_logs_20260310_024913/trial_037.log,80131
38,0.0005,0.01,768,0.3,0.1,0.0,0.001,0.02,0.5,/Users/hanyiliu/anaconda3/bin/python /Users/hanyiliu/Documents/GitHub/tennis-pose-detection/train/pose_train_predicted.py --feature_path /Users/hanyiliu/Documents/GitHub/tennis-pose-detection/saved_models/stage3_predicted_keypoints.pt --epochs 50 --batch_size 64 --train_split 0.7 --val_split 0.15 --test_split 0.15 --seed 42 --early_stop_patience 12 --lr 0.0005 --weight_decay 0.01 --hidden_dim 768 --dropout 0.3 --visibility_threshold 0.1 --label_smoothing 0.0 --xy_noise_std 0.001 --joint_dropout 0.02 --grad_clip_norm 0.5,ok,0,0.8233333333333334,0.6345,0.7767,/Users/hanyiliu/Documents/GitHub/tennis-pose-detection/training_outputs/pose_grid_search_logs_20260310_024913/trial_038.log,80132
39,0.0005,0.01,768,0.4,0.15,0.03,0.005,0.05,0.5,/Users/hanyiliu/anaconda3/bin/python /Users/hanyiliu/Documents/GitHub/tennis-pose-detection/train/pose_train_predicted.py --feature_path /Users/hanyiliu/Documents/GitHub/tennis-pose-detection/saved_models/stage3_predicted_keypoints.pt --epochs 50 --batch_size 64 --train_split 0.7 --val_split 0.15 --test_split 0.15 --seed 42 --early_stop_patience 12 --lr 0.0005 --weight_decay 0.01 --hidden_dim 768 --dropout 0.4 --visibility_threshold 0.15 --label_smoothing 0.03 --xy_noise_std 0.005 --joint_dropout 0.05 --grad_clip_norm 0.5,ok,0,0.8166666666666667,0.6455,0.7467,/Users/hanyiliu/Documents/GitHub/tennis-pose-detection/training_outputs/pose_grid_search_logs_20260310_024913/trial_039.log,81516
40,0.0005,0.007,256,0.15,0.2,0.1,0.005,0.03,0.5,/Users/hanyiliu/anaconda3/bin/python /Users/hanyiliu/Documents/GitHub/tennis-pose-detection/train/pose_train_predicted.py --feature_path /Users/hanyiliu/Documents/GitHub/tennis-pose-detection/saved_models/stage3_predicted_keypoints.pt --epochs 50 --batch_size 64 --train_split 0.7 --val_split 0.15 --test_split 0.15 --seed 42 --early_stop_patience 12 --lr 0.0005 --weight_decay 0.007 --hidden_dim 256 --dropout 0.15 --visibility_threshold 0.2 --label_smoothing 0.1 --xy_noise_std 0.005 --joint_dropout 0.03 --grad_clip_norm 0.5,ok,0,0.8233333333333334,0.6663,0.7567,/Users/hanyiliu/Documents/GitHub/tennis-pose-detection/training_outputs/pose_grid_search_logs_20260310_024913/trial_040.log,82920
41,0.0005,0.007,256,0.2,0.15,0.1,0.01,0.03,2.0,/Users/hanyiliu/anaconda3/bin/python /Users/hanyiliu/Documents/GitHub/tennis-pose-detection/train/pose_train_predicted.py --feature_path /Users/hanyiliu/Documents/GitHub/tennis-pose-detection/saved_models/stage3_predicted_keypoints.pt --epochs 50 --batch_size 64 --train_split 0.7 --val_split 0.15 --test_split 0.15 --seed 42 --early_stop_patience 12 --lr 0.0005 --weight_decay 0.007 --hidden_dim 256 --dropout 0.2 --visibility_threshold 0.15 --label_smoothing 0.1 --xy_noise_std 0.01 --joint_dropout 0.03 --grad_clip_norm 2.0,ok,0,0.82,0.661,0.7467,/Users/hanyiliu/Documents/GitHub/tennis-pose-detection/training_outputs/pose_grid_search_logs_20260310_024913/trial_041.log,83707
42,0.0005,0.007,256,0.2,0.2,0.05,0.005,0.02,0.5,/Users/hanyiliu/anaconda3/bin/python /Users/hanyiliu/Documents/GitHub/tennis-pose-detection/train/pose_train_predicted.py --feature_path /Users/hanyiliu/Documents/GitHub/tennis-pose-detection/saved_models/stage3_predicted_keypoints.pt --epochs 50 --batch_size 64 --train_split 0.7 --val_split 0.15 --test_split 0.15 --seed 42 --early_stop_patience 12 --lr 0.0005 --weight_decay 0.007 --hidden_dim 256 --dropout 0.2 --visibility_threshold 0.2 --label_smoothing 0.05 --xy_noise_std 0.005 --joint_dropout 0.02 --grad_clip_norm 0.5,ok,0,0.8166666666666667,0.6473,0.7233,/Users/hanyiliu/Documents/GitHub/tennis-pose-detection/training_outputs/pose_grid_search_logs_20260310_024913/trial_042.log,83876
43,0.0005,0.007,256,0.4,0.1,0.0,0.003,0.05,1.0,/Users/hanyiliu/anaconda3/bin/python /Users/hanyiliu/Documents/GitHub/tennis-pose-detection/train/pose_train_predicted.py --feature_path /Users/hanyiliu/Documents/GitHub/tennis-pose-detection/saved_models/stage3_predicted_keypoints.pt --epochs 50 --batch_size 64 --train_split 0.7 --val_split 0.15 --test_split 0.15 --seed 42 --early_stop_patience 12 --lr 0.0005 --weight_decay 0.007 --hidden_dim 256 --dropout 0.4 --visibility_threshold 0.1 --label_smoothing 0.0 --xy_noise_std 0.003 --joint_dropout 0.05 --grad_clip_norm 1.0,ok,0,0.7933333333333333,51.9807,0.73,/Users/hanyiliu/Documents/GitHub/tennis-pose-detection/training_outputs/pose_grid_search_logs_20260310_024913/trial_043.log,85277
44,0.0005,0.007,256,0.4,0.15,0.05,0.005,0.02,1.0,/Users/hanyiliu/anaconda3/bin/python /Users/hanyiliu/Documents/GitHub/tennis-pose-detection/train/pose_train_predicted.py --feature_path /Users/hanyiliu/Documents/GitHub/tennis-pose-detection/saved_models/stage3_predicted_keypoints.pt --epochs 50 --batch_size 64 --train_split 0.7 --val_split 0.15 --test_split 0.15 --seed 42 --early_stop_patience 12 --lr 0.0005 --weight_decay 0.007 --hidden_dim 256 --dropout 0.4 --visibility_threshold 0.15 --label_smoothing 0.05 --xy_noise_std 0.005 --joint_dropout 0.02 --grad_clip_norm 1.0,ok,0,0.8133333333333334,0.6405,0.7533,/Users/hanyiliu/Documents/GitHub/tennis-pose-detection/training_outputs/pose_grid_search_logs_20260310_024913/trial_044.log,85669
45,0.0005,0.007,384,0.4,0.15,0.03,0.01,0.05,1.0,/Users/hanyiliu/anaconda3/bin/python /Users/hanyiliu/Documents/GitHub/tennis-pose-detection/train/pose_train_predicted.py --feature_path /Users/hanyiliu/Documents/GitHub/tennis-pose-detection/saved_models/stage3_predicted_keypoints.pt --epochs 50 --batch_size 64 --train_split 0.7 --val_split 0.15 --test_split 0.15 --seed 42 --early_stop_patience 12 --lr 0.0005 --weight_decay 0.007 --hidden_dim 384 --dropout 0.4 --visibility_threshold 0.15 --label_smoothing 0.03 --xy_noise_std 0.01 --joint_dropout 0.05 --grad_clip_norm 1.0,ok,0,0.8133333333333334,5.6182,0.7633,/Users/hanyiliu/Documents/GitHub/tennis-pose-detection/training_outputs/pose_grid_search_logs_20260310_024913/trial_045.log,89725
46,0.0005,0.007,512,0.4,0.1,0.1,0.005,0.0,1.0,/Users/hanyiliu/anaconda3/bin/python /Users/hanyiliu/Documents/GitHub/tennis-pose-detection/train/pose_train_predicted.py --feature_path /Users/hanyiliu/Documents/GitHub/tennis-pose-detection/saved_models/stage3_predicted_keypoints.pt --epochs 50 --batch_size 64 --train_split 0.7 --val_split 0.15 --test_split 0.15 --seed 42 --early_stop_patience 12 --lr 0.0005 --weight_decay 0.007 --hidden_dim 512 --dropout 0.4 --visibility_threshold 0.1 --label_smoothing 0.1 --xy_noise_std 0.005 --joint_dropout 0.0 --grad_clip_norm 1.0,ok,0,0.8466666666666667,0.6132,0.7633,/Users/hanyiliu/Documents/GitHub/tennis-pose-detection/training_outputs/pose_grid_search_logs_20260310_024913/trial_046.log,93665
47,0.0005,0.005,256,0.3,0.1,0.1,0.001,0.05,1.5,/Users/hanyiliu/anaconda3/bin/python /Users/hanyiliu/Documents/GitHub/tennis-pose-detection/train/pose_train_predicted.py --feature_path /Users/hanyiliu/Documents/GitHub/tennis-pose-detection/saved_models/stage3_predicted_keypoints.pt --epochs 50 --batch_size 64 --train_split 0.7 --val_split 0.15 --test_split 0.15 --seed 42 --early_stop_patience 12 --lr 0.0005 --weight_decay 0.005 --hidden_dim 256 --dropout 0.3 --visibility_threshold 0.1 --label_smoothing 0.1 --xy_noise_std 0.001 --joint_dropout 0.05 --grad_clip_norm 1.5,ok,0,0.8033333333333333,5.5128,0.7467,/Users/hanyiliu/Documents/GitHub/tennis-pose-detection/training_outputs/pose_grid_search_logs_20260310_024913/trial_047.log,100814
48,0.0005,0.005,384,0.2,0.2,0.0,0.01,0.03,0.5,/Users/hanyiliu/anaconda3/bin/python /Users/hanyiliu/Documents/GitHub/tennis-pose-detection/train/pose_train_predicted.py --feature_path /Users/hanyiliu/Documents/GitHub/tennis-pose-detection/saved_models/stage3_predicted_keypoints.pt --epochs 50 --batch_size 64 --train_split 0.7 --val_split 0.15 --test_split 0.15 --seed 42 --early_stop_patience 12 --lr 0.0005 --weight_decay 0.005 --hidden_dim 384 --dropout 0.2 --visibility_threshold 0.2 --label_smoothing 0.0 --xy_noise_std 0.01 --joint_dropout 0.03 --grad_clip_norm 0.5,ok,0,0.8266666666666667,18.15,0.73,/Users/hanyiliu/Documents/GitHub/tennis-pose-detection/training_outputs/pose_grid_search_logs_20260310_024913/trial_048.log,104248
49,0.0005,0.005,384,0.2,0.2,0.03,0.003,0.05,1.5,/Users/hanyiliu/anaconda3/bin/python /Users/hanyiliu/Documents/GitHub/tennis-pose-detection/train/pose_train_predicted.py --feature_path /Users/hanyiliu/Documents/GitHub/tennis-pose-detection/saved_models/stage3_predicted_keypoints.pt --epochs 50 --batch_size 64 --train_split 0.7 --val_split 0.15 --test_split 0.15 --seed 42 --early_stop_patience 12 --lr 0.0005 --weight_decay 0.005 --hidden_dim 384 --dropout 0.2 --visibility_threshold 0.2 --label_smoothing 0.03 --xy_noise_std 0.003 --joint_dropout 0.05 --grad_clip_norm 1.5,ok,0,0.82,2.8491,0.7367,/Users/hanyiliu/Documents/GitHub/tennis-pose-detection/training_outputs/pose_grid_search_logs_20260310_024913/trial_049.log,104286
50,0.0005,0.005,512,0.4,0.1,0.0,0.003,0.0,1.5,/Users/hanyiliu/anaconda3/bin/python /Users/hanyiliu/Documents/GitHub/tennis-pose-detection/train/pose_train_predicted.py --feature_path /Users/hanyiliu/Documents/GitHub/tennis-pose-detection/saved_models/stage3_predicted_keypoints.pt --epochs 50 --batch_size 64 --train_split 0.7 --val_split 0.15 --test_split 0.15 --seed 42 --early_stop_patience 12 --lr 0.0005 --weight_decay 0.005 --hidden_dim 512 --dropout 0.4 --visibility_threshold 0.1 --label_smoothing 0.0 --xy_noise_std 0.003 --joint_dropout 0.0 --grad_clip_norm 1.5,ok,0,0.8533333333333334,51.1982,0.76,/Users/hanyiliu/Documents/GitHub/tennis-pose-detection/training_outputs/pose_grid_search_logs_20260310_024913/trial_050.log,109842
51,0.0005,0.005,768,0.15,0.0,0.0,0.003,0.02,2.0,/Users/hanyiliu/anaconda3/bin/python /Users/hanyiliu/Documents/GitHub/tennis-pose-detection/train/pose_train_predicted.py --feature_path /Users/hanyiliu/Documents/GitHub/tennis-pose-detection/saved_models/stage3_predicted_keypoints.pt --epochs 50 --batch_size 64 --train_split 0.7 --val_split 0.15 --test_split 0.15 --seed 42 --early_stop_patience 12 --lr 0.0005 --weight_decay 0.005 --hidden_dim 768 --dropout 0.15 --visibility_threshold 0.0 --label_smoothing 0.0 --xy_noise_std 0.003 --joint_dropout 0.02 --grad_clip_norm 2.0,ok,0,0.83,0.6293,0.76,/Users/hanyiliu/Documents/GitHub/tennis-pose-detection/training_outputs/pose_grid_search_logs_20260310_024913/trial_051.log,110615
52,0.0005,0.005,768,0.15,0.2,0.03,0.01,0.02,1.0,/Users/hanyiliu/anaconda3/bin/python /Users/hanyiliu/Documents/GitHub/tennis-pose-detection/train/pose_train_predicted.py --feature_path /Users/hanyiliu/Documents/GitHub/tennis-pose-detection/saved_models/stage3_predicted_keypoints.pt --epochs 50 --batch_size 64 --train_split 0.7 --val_split 0.15 --test_split 0.15 --seed 42 --early_stop_patience 12 --lr 0.0005 --weight_decay 0.005 --hidden_dim 768 --dropout 0.15 --visibility_threshold 0.2 --label_smoothing 0.03 --xy_noise_std 0.01 --joint_dropout 0.02 --grad_clip_norm 1.0,ok,0,0.8433333333333334,0.5934,0.77,/Users/hanyiliu/Documents/GitHub/tennis-pose-detection/training_outputs/pose_grid_search_logs_20260310_024913/trial_052.log,111477
53,0.0005,0.005,768,0.3,0.0,0.1,0.01,0.02,1.5,/Users/hanyiliu/anaconda3/bin/python /Users/hanyiliu/Documents/GitHub/tennis-pose-detection/train/pose_train_predicted.py --feature_path /Users/hanyiliu/Documents/GitHub/tennis-pose-detection/saved_models/stage3_predicted_keypoints.pt --epochs 50 --batch_size 64 --train_split 0.7 --val_split 0.15 --test_split 0.15 --seed 42 --early_stop_patience 12 --lr 0.0005 --weight_decay 0.005 --hidden_dim 768 --dropout 0.3 --visibility_threshold 0.0 --label_smoothing 0.1 --xy_noise_std 0.01 --joint_dropout 0.02 --grad_clip_norm 1.5,ok,0,0.84,205.7566,0.7667,/Users/hanyiliu/Documents/GitHub/tennis-pose-detection/training_outputs/pose_grid_search_logs_20260310_024913/trial_053.log,112886
54,0.0005,0.005,768,0.4,0.2,0.1,0.001,0.02,1.0,/Users/hanyiliu/anaconda3/bin/python /Users/hanyiliu/Documents/GitHub/tennis-pose-detection/train/pose_train_predicted.py --feature_path /Users/hanyiliu/Documents/GitHub/tennis-pose-detection/saved_models/stage3_predicted_keypoints.pt --epochs 50 --batch_size 64 --train_split 0.7 --val_split 0.15 --test_split 0.15 --seed 42 --early_stop_patience 12 --lr 0.0005 --weight_decay 0.005 --hidden_dim 768 --dropout 0.4 --visibility_threshold 0.2 --label_smoothing 0.1 --xy_noise_std 0.001 --joint_dropout 0.02 --grad_clip_norm 1.0,ok,0,0.8366666666666667,0.6349,0.75,/Users/hanyiliu/Documents/GitHub/tennis-pose-detection/training_outputs/pose_grid_search_logs_20260310_024913/trial_054.log,114629
55,0.0005,0.001,256,0.15,0.1,0.0,0.005,0.03,2.0,/Users/hanyiliu/anaconda3/bin/python /Users/hanyiliu/Documents/GitHub/tennis-pose-detection/train/pose_train_predicted.py --feature_path /Users/hanyiliu/Documents/GitHub/tennis-pose-detection/saved_models/stage3_predicted_keypoints.pt --epochs 50 --batch_size 64 --train_split 0.7 --val_split 0.15 --test_split 0.15 --seed 42 --early_stop_patience 12 --lr 0.0005 --weight_decay 0.001 --hidden_dim 256 --dropout 0.15 --visibility_threshold 0.1 --label_smoothing 0.0 --xy_noise_std 0.005 --joint_dropout 0.03 --grad_clip_norm 2.0,ok,0,0.8133333333333334,23.6283,0.76,/Users/hanyiliu/Documents/GitHub/tennis-pose-detection/training_outputs/pose_grid_search_logs_20260310_024913/trial_055.log,114987
56,0.0005,0.001,256,0.15,0.1,0.1,0.001,0.02,1.0,/Users/hanyiliu/anaconda3/bin/python /Users/hanyiliu/Documents/GitHub/tennis-pose-detection/train/pose_train_predicted.py --feature_path /Users/hanyiliu/Documents/GitHub/tennis-pose-detection/saved_models/stage3_predicted_keypoints.pt --epochs 50 --batch_size 64 --train_split 0.7 --val_split 0.15 --test_split 0.15 --seed 42 --early_stop_patience 12 --lr 0.0005 --weight_decay 0.001 --hidden_dim 256 --dropout 0.15 --visibility_threshold 0.1 --label_smoothing 0.1 --xy_noise_std 0.001 --joint_dropout 0.02 --grad_clip_norm 1.0,ok,0,0.8266666666666667,1.7152,0.7367,/Users/hanyiliu/Documents/GitHub/tennis-pose-detection/training_outputs/pose_grid_search_logs_20260310_024913/trial_056.log,115141
57,0.0005,0.001,256,0.15,0.2,0.03,0.01,0.02,1.5,/Users/hanyiliu/anaconda3/bin/python /Users/hanyiliu/Documents/GitHub/tennis-pose-detection/train/pose_train_predicted.py --feature_path /Users/hanyiliu/Documents/GitHub/tennis-pose-detection/saved_models/stage3_predicted_keypoints.pt --epochs 50 --batch_size 64 --train_split 0.7 --val_split 0.15 --test_split 0.15 --seed 42 --early_stop_patience 12 --lr 0.0005 --weight_decay 0.001 --hidden_dim 256 --dropout 0.15 --visibility_threshold 0.2 --label_smoothing 0.03 --xy_noise_std 0.01 --joint_dropout 0.02 --grad_clip_norm 1.5,ok,0,0.8066666666666666,0.6389,0.7533,/Users/hanyiliu/Documents/GitHub/tennis-pose-detection/training_outputs/pose_grid_search_logs_20260310_024913/trial_057.log,115574
58,0.0005,0.001,256,0.3,0.1,0.0,0.005,0.0,1.5,/Users/hanyiliu/anaconda3/bin/python /Users/hanyiliu/Documents/GitHub/tennis-pose-detection/train/pose_train_predicted.py --feature_path /Users/hanyiliu/Documents/GitHub/tennis-pose-detection/saved_models/stage3_predicted_keypoints.pt --epochs 50 --batch_size 64 --train_split 0.7 --val_split 0.15 --test_split 0.15 --seed 42 --early_stop_patience 12 --lr 0.0005 --weight_decay 0.001 --hidden_dim 256 --dropout 0.3 --visibility_threshold 0.1 --label_smoothing 0.0 --xy_noise_std 0.005 --joint_dropout 0.0 --grad_clip_norm 1.5,ok,0,0.83,0.6482,0.7467,/Users/hanyiliu/Documents/GitHub/tennis-pose-detection/training_outputs/pose_grid_search_logs_20260310_024913/trial_058.log,117026
59,0.0005,0.001,384,0.15,0.15,0.05,0.01,0.05,0.5,/Users/hanyiliu/anaconda3/bin/python /Users/hanyiliu/Documents/GitHub/tennis-pose-detection/train/pose_train_predicted.py --feature_path /Users/hanyiliu/Documents/GitHub/tennis-pose-detection/saved_models/stage3_predicted_keypoints.pt --epochs 50 --batch_size 64 --train_split 0.7 --val_split 0.15 --test_split 0.15 --seed 42 --early_stop_patience 12 --lr 0.0005 --weight_decay 0.001 --hidden_dim 384 --dropout 0.15 --visibility_threshold 0.15 --label_smoothing 0.05 --xy_noise_std 0.01 --joint_dropout 0.05 --grad_clip_norm 0.5,ok,0,0.8166666666666667,0.6701,0.72,/Users/hanyiliu/Documents/GitHub/tennis-pose-detection/training_outputs/pose_grid_search_logs_20260310_024913/trial_059.log,119484
60,0.0005,0.001,384,0.2,0.1,0.0,0.003,0.02,2.0,/Users/hanyiliu/anaconda3/bin/python /Users/hanyiliu/Documents/GitHub/tennis-pose-detection/train/pose_train_predicted.py --feature_path /Users/hanyiliu/Documents/GitHub/tennis-pose-detection/saved_models/stage3_predicted_keypoints.pt --epochs 50 --batch_size 64 --train_split 0.7 --val_split 0.15 --test_split 0.15 --seed 42 --early_stop_patience 12 --lr 0.0005 --weight_decay 0.001 --hidden_dim 384 --dropout 0.2 --visibility_threshold 0.1 --label_smoothing 0.0 --xy_noise_std 0.003 --joint_dropout 0.02 --grad_clip_norm 2.0,ok,0,0.8166666666666667,0.6375,0.7433,/Users/hanyiliu/Documents/GitHub/tennis-pose-detection/training_outputs/pose_grid_search_logs_20260310_024913/trial_060.log,120087
61,0.0005,0.001,384,0.4,0.0,0.03,0.01,0.05,1.0,/Users/hanyiliu/anaconda3/bin/python /Users/hanyiliu/Documents/GitHub/tennis-pose-detection/train/pose_train_predicted.py --feature_path /Users/hanyiliu/Documents/GitHub/tennis-pose-detection/saved_models/stage3_predicted_keypoints.pt --epochs 50 --batch_size 64 --train_split 0.7 --val_split 0.15 --test_split 0.15 --seed 42 --early_stop_patience 12 --lr 0.0005 --weight_decay 0.001 --hidden_dim 384 --dropout 0.4 --visibility_threshold 0.0 --label_smoothing 0.03 --xy_noise_std 0.01 --joint_dropout 0.05 --grad_clip_norm 1.0,ok,0,0.7633333333333333,0.7691,0.7033,/Users/hanyiliu/Documents/GitHub/tennis-pose-detection/training_outputs/pose_grid_search_logs_20260310_024913/trial_061.log,121981
62,0.0005,0.001,384,0.4,0.0,0.1,0.001,0.0,1.0,/Users/hanyiliu/anaconda3/bin/python /Users/hanyiliu/Documents/GitHub/tennis-pose-detection/train/pose_train_predicted.py --feature_path /Users/hanyiliu/Documents/GitHub/tennis-pose-detection/saved_models/stage3_predicted_keypoints.pt --epochs 50 --batch_size 64 --train_split 0.7 --val_split 0.15 --test_split 0.15 --seed 42 --early_stop_patience 12 --lr 0.0005 --weight_decay 0.001 --hidden_dim 384 --dropout 0.4 --visibility_threshold 0.0 --label_smoothing 0.1 --xy_noise_std 0.001 --joint_dropout 0.0 --grad_clip_norm 1.0,ok,0,0.8233333333333334,0.6101,0.7833,/Users/hanyiliu/Documents/GitHub/tennis-pose-detection/training_outputs/pose_grid_search_logs_20260310_024913/trial_062.log,122049
63,0.0005,0.001,768,0.2,0.1,0.03,0.003,0.05,2.0,/Users/hanyiliu/anaconda3/bin/python /Users/hanyiliu/Documents/GitHub/tennis-pose-detection/train/pose_train_predicted.py --feature_path /Users/hanyiliu/Documents/GitHub/tennis-pose-detection/saved_models/stage3_predicted_keypoints.pt --epochs 50 --batch_size 64 --train_split 0.7 --val_split 0.15 --test_split 0.15 --seed 42 --early_stop_patience 12 --lr 0.0005 --weight_decay 0.001 --hidden_dim 768 --dropout 0.2 --visibility_threshold 0.1 --label_smoothing 0.03 --xy_noise_std 0.003 --joint_dropout 0.05 --grad_clip_norm 2.0,ok,0,0.8033333333333333,21.8064,0.7533,/Users/hanyiliu/Documents/GitHub/tennis-pose-detection/training_outputs/pose_grid_search_logs_20260310_024913/trial_063.log,128351
64,0.0005,0.001,768,0.2,0.1,0.05,0.001,0.03,1.0,/Users/hanyiliu/anaconda3/bin/python /Users/hanyiliu/Documents/GitHub/tennis-pose-detection/train/pose_train_predicted.py --feature_path /Users/hanyiliu/Documents/GitHub/tennis-pose-detection/saved_models/stage3_predicted_keypoints.pt --epochs 50 --batch_size 64 --train_split 0.7 --val_split 0.15 --test_split 0.15 --seed 42 --early_stop_patience 12 --lr 0.0005 --weight_decay 0.001 --hidden_dim 768 --dropout 0.2 --visibility_threshold 0.1 --label_smoothing 0.05 --xy_noise_std 0.001 --joint_dropout 0.03 --grad_clip_norm 1.0,ok,0,0.82,11.5778,0.74,/Users/hanyiliu/Documents/GitHub/tennis-pose-detection/training_outputs/pose_grid_search_logs_20260310_024913/trial_064.log,128393
65,0.0005,0.001,768,0.3,0.1,0.0,0.003,0.02,2.0,/Users/hanyiliu/anaconda3/bin/python /Users/hanyiliu/Documents/GitHub/tennis-pose-detection/train/pose_train_predicted.py --feature_path /Users/hanyiliu/Documents/GitHub/tennis-pose-detection/saved_models/stage3_predicted_keypoints.pt --epochs 50 --batch_size 64 --train_split 0.7 --val_split 0.15 --test_split 0.15 --seed 42 --early_stop_patience 12 --lr 0.0005 --weight_decay 0.001 --hidden_dim 768 --dropout 0.3 --visibility_threshold 0.1 --label_smoothing 0.0 --xy_noise_std 0.003 --joint_dropout 0.02 --grad_clip_norm 2.0,ok,0,0.8233333333333334,9.1659,0.76,/Users/hanyiliu/Documents/GitHub/tennis-pose-detection/training_outputs/pose_grid_search_logs_20260310_024913/trial_065.log,129303
66,0.0008,0.01,256,0.15,0.15,0.1,0.005,0.02,1.0,/Users/hanyiliu/anaconda3/bin/python /Users/hanyiliu/Documents/GitHub/tennis-pose-detection/train/pose_train_predicted.py --feature_path /Users/hanyiliu/Documents/GitHub/tennis-pose-detection/saved_models/stage3_predicted_keypoints.pt --epochs 50 --batch_size 64 --train_split 0.7 --val_split 0.15 --test_split 0.15 --seed 42 --early_stop_patience 12 --lr 0.0008 --weight_decay 0.01 --hidden_dim 256 --dropout 0.15 --visibility_threshold 0.15 --label_smoothing 0.1 --xy_noise_std 0.005 --joint_dropout 0.02 --grad_clip_norm 1.0,ok,0,0.8166666666666667,1.4903,0.77,/Users/hanyiliu/Documents/GitHub/tennis-pose-detection/training_outputs/pose_grid_search_logs_20260310_024913/trial_066.log,131813
67,0.0008,0.01,384,0.3,0.15,0.0,0.003,0.03,0.5,/Users/hanyiliu/anaconda3/bin/python /Users/hanyiliu/Documents/GitHub/tennis-pose-detection/train/pose_train_predicted.py --feature_path /Users/hanyiliu/Documents/GitHub/tennis-pose-detection/saved_models/stage3_predicted_keypoints.pt --epochs 50 --batch_size 64 --train_split 0.7 --val_split 0.15 --test_split 0.15 --seed 42 --early_stop_patience 12 --lr 0.0008 --weight_decay 0.01 --hidden_dim 384 --dropout 0.3 --visibility_threshold 0.15 --label_smoothing 0.0 --xy_noise_std 0.003 --joint_dropout 0.03 --grad_clip_norm 0.5,ok,0,0.8266666666666667,23.0471,0.7633,/Users/hanyiliu/Documents/GitHub/tennis-pose-detection/training_outputs/pose_grid_search_logs_20260310_024913/trial_067.log,137752
68,0.0008,0.01,384,0.3,0.2,0.03,0.005,0.03,2.0,/Users/hanyiliu/anaconda3/bin/python /Users/hanyiliu/Documents/GitHub/tennis-pose-detection/train/pose_train_predicted.py --feature_path /Users/hanyiliu/Documents/GitHub/tennis-pose-detection/saved_models/stage3_predicted_keypoints.pt --epochs 50 --batch_size 64 --train_split 0.7 --val_split 0.15 --test_split 0.15 --seed 42 --early_stop_patience 12 --lr 0.0008 --weight_decay 0.01 --hidden_dim 384 --dropout 0.3 --visibility_threshold 0.2 --label_smoothing 0.03 --xy_noise_std 0.005 --joint_dropout 0.03 --grad_clip_norm 2.0,ok,0,0.8266666666666667,0.6347,0.7533,/Users/hanyiliu/Documents/GitHub/tennis-pose-detection/training_outputs/pose_grid_search_logs_20260310_024913/trial_068.log,138091
69,0.0008,0.01,384,0.4,0.1,0.05,0.01,0.05,1.0,/Users/hanyiliu/anaconda3/bin/python /Users/hanyiliu/Documents/GitHub/tennis-pose-detection/train/pose_train_predicted.py --feature_path /Users/hanyiliu/Documents/GitHub/tennis-pose-detection/saved_models/stage3_predicted_keypoints.pt --epochs 50 --batch_size 64 --train_split 0.7 --val_split 0.15 --test_split 0.15 --seed 42 --early_stop_patience 12 --lr 0.0008 --weight_decay 0.01 --hidden_dim 384 --dropout 0.4 --visibility_threshold 0.1 --label_smoothing 0.05 --xy_noise_std 0.01 --joint_dropout 0.05 --grad_clip_norm 1.0,ok,0,0.8133333333333334,0.8168,0.7633,/Users/hanyiliu/Documents/GitHub/tennis-pose-detection/training_outputs/pose_grid_search_logs_20260310_024913/trial_069.log,138685
70,0.0008,0.01,384,0.4,0.15,0.03,0.01,0.03,1.0,/Users/hanyiliu/anaconda3/bin/python /Users/hanyiliu/Documents/GitHub/tennis-pose-detection/train/pose_train_predicted.py --feature_path /Users/hanyiliu/Documents/GitHub/tennis-pose-detection/saved_models/stage3_predicted_keypoints.pt --epochs 50 --batch_size 64 --train_split 0.7 --val_split 0.15 --test_split 0.15 --seed 42 --early_stop_patience 12 --lr 0.0008 --weight_decay 0.01 --hidden_dim 384 --dropout 0.4 --visibility_threshold 0.15 --label_smoothing 0.03 --xy_noise_std 0.01 --joint_dropout 0.03 --grad_clip_norm 1.0,ok,0,0.8166666666666667,5.1622,0.75,/Users/hanyiliu/Documents/GitHub/tennis-pose-detection/training_outputs/pose_grid_search_logs_20260310_024913/trial_070.log,138873
71,0.0008,0.01,512,0.15,0.15,0.03,0.01,0.02,1.0,/Users/hanyiliu/anaconda3/bin/python /Users/hanyiliu/Documents/GitHub/tennis-pose-detection/train/pose_train_predicted.py --feature_path /Users/hanyiliu/Documents/GitHub/tennis-pose-detection/saved_models/stage3_predicted_keypoints.pt --epochs 50 --batch_size 64 --train_split 0.7 --val_split 0.15 --test_split 0.15 --seed 42 --early_stop_patience 12 --lr 0.0008 --weight_decay 0.01 --hidden_dim 512 --dropout 0.15 --visibility_threshold 0.15 --label_smoothing 0.03 --xy_noise_std 0.01 --joint_dropout 0.02 --grad_clip_norm 1.0,ok,0,0.8366666666666667,0.6292,0.73,/Users/hanyiliu/Documents/GitHub/tennis-pose-detection/training_outputs/pose_grid_search_logs_20260310_024913/trial_071.log,139893
72,0.0008,0.01,512,0.15,0.15,0.1,0.001,0.02,1.0,/Users/hanyiliu/anaconda3/bin/python /Users/hanyiliu/Documents/GitHub/tennis-pose-detection/train/pose_train_predicted.py --feature_path /Users/hanyiliu/Documents/GitHub/tennis-pose-detection/saved_models/stage3_predicted_keypoints.pt --epochs 50 --batch_size 64 --train_split 0.7 --val_split 0.15 --test_split 0.15 --seed 42 --early_stop_patience 12 --lr 0.0008 --weight_decay 0.01 --hidden_dim 512 --dropout 0.15 --visibility_threshold 0.15 --label_smoothing 0.1 --xy_noise_std 0.001 --joint_dropout 0.02 --grad_clip_norm 1.0,ok,0,0.8166666666666667,0.6946,0.7333,/Users/hanyiliu/Documents/GitHub/tennis-pose-detection/training_outputs/pose_grid_search_logs_20260310_024913/trial_072.log,139973
73,0.0008,0.01,512,0.2,0.0,0.03,0.003,0.02,1.0,/Users/hanyiliu/anaconda3/bin/python /Users/hanyiliu/Documents/GitHub/tennis-pose-detection/train/pose_train_predicted.py --feature_path /Users/hanyiliu/Documents/GitHub/tennis-pose-detection/saved_models/stage3_predicted_keypoints.pt --epochs 50 --batch_size 64 --train_split 0.7 --val_split 0.15 --test_split 0.15 --seed 42 --early_stop_patience 12 --lr 0.0008 --weight_decay 0.01 --hidden_dim 512 --dropout 0.2 --visibility_threshold 0.0 --label_smoothing 0.03 --xy_noise_std 0.003 --joint_dropout 0.02 --grad_clip_norm 1.0,ok,0,0.8266666666666667,0.6501,0.76,/Users/hanyiliu/Documents/GitHub/tennis-pose-detection/training_outputs/pose_grid_search_logs_20260310_024913/trial_073.log,140373
74,0.0008,0.01,512,0.3,0.0,0.1,0.003,0.03,1.5,/Users/hanyiliu/anaconda3/bin/python /Users/hanyiliu/Documents/GitHub/tennis-pose-detection/train/pose_train_predicted.py --feature_path /Users/hanyiliu/Documents/GitHub/tennis-pose-detection/saved_models/stage3_predicted_keypoints.pt --epochs 50 --batch_size 64 --train_split 0.7 --val_split 0.15 --test_split 0.15 --seed 42 --early_stop_patience 12 --lr 0.0008 --weight_decay 0.01 --hidden_dim 512 --dropout 0.3 --visibility_threshold 0.0 --label_smoothing 0.1 --xy_noise_std 0.003 --joint_dropout 0.03 --grad_clip_norm 1.5,ok,0,0.8233333333333334,549.9392,0.7667,/Users/hanyiliu/Documents/GitHub/tennis-pose-detection/training_outputs/pose_grid_search_logs_20260310_024913/trial_074.log,141530
75,0.0008,0.01,768,0.15,0.2,0.03,0.001,0.0,1.5,/Users/hanyiliu/anaconda3/bin/python /Users/hanyiliu/Documents/GitHub/tennis-pose-detection/train/pose_train_predicted.py --feature_path /Users/hanyiliu/Documents/GitHub/tennis-pose-detection/saved_models/stage3_predicted_keypoints.pt --epochs 50 --batch_size 64 --train_split 0.7 --val_split 0.15 --test_split 0.15 --seed 42 --early_stop_patience 12 --lr 0.0008 --weight_decay 0.01 --hidden_dim 768 --dropout 0.15 --visibility_threshold 0.2 --label_smoothing 0.03 --xy_noise_std 0.001 --joint_dropout 0.0 --grad_clip_norm 1.5,ok,0,0.84,0.7075,0.7533,/Users/hanyiliu/Documents/GitHub/tennis-pose-detection/training_outputs/pose_grid_search_logs_20260310_024913/trial_075.log,144194
76,0.0008,0.01,768,0.3,0.1,0.0,0.003,0.02,0.5,/Users/hanyiliu/anaconda3/bin/python /Users/hanyiliu/Documents/GitHub/tennis-pose-detection/train/pose_train_predicted.py --feature_path /Users/hanyiliu/Documents/GitHub/tennis-pose-detection/saved_models/stage3_predicted_keypoints.pt --epochs 50 --batch_size 64 --train_split 0.7 --val_split 0.15 --test_split 0.15 --seed 42 --early_stop_patience 12 --lr 0.0008 --weight_decay 0.01 --hidden_dim 768 --dropout 0.3 --visibility_threshold 0.1 --label_smoothing 0.0 --xy_noise_std 0.003 --joint_dropout 0.02 --grad_clip_norm 0.5,ok,0,0.83,0.6364,0.77,/Users/hanyiliu/Documents/GitHub/tennis-pose-detection/training_outputs/pose_grid_search_logs_20260310_024913/trial_076.log,145684
77,0.0008,0.01,768,0.3,0.1,0.03,0.001,0.03,1.5,/Users/hanyiliu/anaconda3/bin/python /Users/hanyiliu/Documents/GitHub/tennis-pose-detection/train/pose_train_predicted.py --feature_path /Users/hanyiliu/Documents/GitHub/tennis-pose-detection/saved_models/stage3_predicted_keypoints.pt --epochs 50 --batch_size 64 --train_split 0.7 --val_split 0.15 --test_split 0.15 --seed 42 --early_stop_patience 12 --lr 0.0008 --weight_decay 0.01 --hidden_dim 768 --dropout 0.3 --visibility_threshold 0.1 --label_smoothing 0.03 --xy_noise_std 0.001 --joint_dropout 0.03 --grad_clip_norm 1.5,ok,0,0.8266666666666667,4.6163,0.7533,/Users/hanyiliu/Documents/GitHub/tennis-pose-detection/training_outputs/pose_grid_search_logs_20260310_024913/trial_077.log,145738
78,0.0008,0.01,768,0.3,0.1,0.05,0.01,0.05,0.5,/Users/hanyiliu/anaconda3/bin/python /Users/hanyiliu/Documents/GitHub/tennis-pose-detection/train/pose_train_predicted.py --feature_path /Users/hanyiliu/Documents/GitHub/tennis-pose-detection/saved_models/stage3_predicted_keypoints.pt --epochs 50 --batch_size 64 --train_split 0.7 --val_split 0.15 --test_split 0.15 --seed 42 --early_stop_patience 12 --lr 0.0008 --weight_decay 0.01 --hidden_dim 768 --dropout 0.3 --visibility_threshold 0.1 --label_smoothing 0.05 --xy_noise_std 0.01 --joint_dropout 0.05 --grad_clip_norm 0.5,ok,0,0.83,0.6109,0.7567,/Users/hanyiliu/Documents/GitHub/tennis-pose-detection/training_outputs/pose_grid_search_logs_20260310_024913/trial_078.log,145852
79,0.0008,0.007,384,0.15,0.0,0.05,0.005,0.03,1.5,/Users/hanyiliu/anaconda3/bin/python /Users/hanyiliu/Documents/GitHub/tennis-pose-detection/train/pose_train_predicted.py --feature_path /Users/hanyiliu/Documents/GitHub/tennis-pose-detection/saved_models/stage3_predicted_keypoints.pt --epochs 50 --batch_size 64 --train_split 0.7 --val_split 0.15 --test_split 0.15 --seed 42 --early_stop_patience 12 --lr 0.0008 --weight_decay 0.007 --hidden_dim 384 --dropout 0.15 --visibility_threshold 0.0 --label_smoothing 0.05 --xy_noise_std 0.005 --joint_dropout 0.03 --grad_clip_norm 1.5,ok,0,0.8266666666666667,0.6402,0.7367,/Users/hanyiliu/Documents/GitHub/tennis-pose-detection/training_outputs/pose_grid_search_logs_20260310_024913/trial_079.log,151722
80,0.0008,0.007,384,0.3,0.0,0.03,0.005,0.05,1.0,/Users/hanyiliu/anaconda3/bin/python /Users/hanyiliu/Documents/GitHub/tennis-pose-detection/train/pose_train_predicted.py --feature_path /Users/hanyiliu/Documents/GitHub/tennis-pose-detection/saved_models/stage3_predicted_keypoints.pt --epochs 50 --batch_size 64 --train_split 0.7 --val_split 0.15 --test_split 0.15 --seed 42 --early_stop_patience 12 --lr 0.0008 --weight_decay 0.007 --hidden_dim 384 --dropout 0.3 --visibility_threshold 0.0 --label_smoothing 0.03 --xy_noise_std 0.005 --joint_dropout 0.05 --grad_clip_norm 1.0,ok,0,0.8233333333333334,0.6451,0.7367,/Users/hanyiliu/Documents/GitHub/tennis-pose-detection/training_outputs/pose_grid_search_logs_20260310_024913/trial_080.log,153709
81,0.0008,0.007,384,0.3,0.1,0.0,0.003,0.02,1.5,/Users/hanyiliu/anaconda3/bin/python /Users/hanyiliu/Documents/GitHub/tennis-pose-detection/train/pose_train_predicted.py --feature_path /Users/hanyiliu/Documents/GitHub/tennis-pose-detection/saved_models/stage3_predicted_keypoints.pt --epochs 50 --batch_size 64 --train_split 0.7 --val_split 0.15 --test_split 0.15 --seed 42 --early_stop_patience 12 --lr 0.0008 --weight_decay 0.007 --hidden_dim 384 --dropout 0.3 --visibility_threshold 0.1 --label_smoothing 0.0 --xy_noise_std 0.003 --joint_dropout 0.02 --grad_clip_norm 1.5,ok,0,0.8366666666666667,0.6367,0.7567,/Users/hanyiliu/Documents/GitHub/tennis-pose-detection/training_outputs/pose_grid_search_logs_20260310_024913/trial_081.log,153878
82,0.0008,0.007,512,0.15,0.2,0.0,0.01,0.02,2.0,/Users/hanyiliu/anaconda3/bin/python /Users/hanyiliu/Documents/GitHub/tennis-pose-detection/train/pose_train_predicted.py --feature_path /Users/hanyiliu/Documents/GitHub/tennis-pose-detection/saved_models/stage3_predicted_keypoints.pt --epochs 50 --batch_size 64 --train_split 0.7 --val_split 0.15 --test_split 0.15 --seed 42 --early_stop_patience 12 --lr 0.0008 --weight_decay 0.007 --hidden_dim 512 --dropout 0.15 --visibility_threshold 0.2 --label_smoothing 0.0 --xy_noise_std 0.01 --joint_dropout 0.02 --grad_clip_norm 2.0,ok,0,0.8333333333333334,0.6675,0.7633,/Users/hanyiliu/Documents/GitHub/tennis-pose-detection/training_outputs/pose_grid_search_logs_20260310_024913/trial_082.log,156471
83,0.0008,0.005,256,0.2,0.0,0.03,0.01,0.02,1.0,/Users/hanyiliu/anaconda3/bin/python /Users/hanyiliu/Documents/GitHub/tennis-pose-detection/train/pose_train_predicted.py --feature_path /Users/hanyiliu/Documents/GitHub/tennis-pose-detection/saved_models/stage3_predicted_keypoints.pt --epochs 50 --batch_size 64 --train_split 0.7 --val_split 0.15 --test_split 0.15 --seed 42 --early_stop_patience 12 --lr 0.0008 --weight_decay 0.005 --hidden_dim 256 --dropout 0.2 --visibility_threshold 0.0 --label_smoothing 0.03 --xy_noise_std 0.01 --joint_dropout 0.02 --grad_clip_norm 1.0,ok,0,0.82,0.6224,0.74,/Users/hanyiliu/Documents/GitHub/tennis-pose-detection/training_outputs/pose_grid_search_logs_20260310_024913/trial_083.log,164981
84,0.0008,0.005,256,0.2,0.15,0.0,0.001,0.05,0.5,/Users/hanyiliu/anaconda3/bin/python /Users/hanyiliu/Documents/GitHub/tennis-pose-detection/train/pose_train_predicted.py --feature_path /Users/hanyiliu/Documents/GitHub/tennis-pose-detection/saved_models/stage3_predicted_keypoints.pt --epochs 50 --batch_size 64 --train_split 0.7 --val_split 0.15 --test_split 0.15 --seed 42 --early_stop_patience 12 --lr 0.0008 --weight_decay 0.005 --hidden_dim 256 --dropout 0.2 --visibility_threshold 0.15 --label_smoothing 0.0 --xy_noise_std 0.001 --joint_dropout 0.05 --grad_clip_norm 0.5,ok,0,0.81,11.6767,0.75,/Users/hanyiliu/Documents/GitHub/tennis-pose-detection/training_outputs/pose_grid_search_logs_20260310_024913/trial_084.log,165388
85,0.0008,0.005,384,0.3,0.0,0.0,0.005,0.0,1.0,/Users/hanyiliu/anaconda3/bin/python /Users/hanyiliu/Documents/GitHub/tennis-pose-detection/train/pose_train_predicted.py --feature_path /Users/hanyiliu/Documents/GitHub/tennis-pose-detection/saved_models/stage3_predicted_keypoints.pt --epochs 50 --batch_size 64 --train_split 0.7 --val_split 0.15 --test_split 0.15 --seed 42 --early_stop_patience 12 --lr 0.0008 --weight_decay 0.005 --hidden_dim 384 --dropout 0.3 --visibility_threshold 0.0 --label_smoothing 0.0 --xy_noise_std 0.005 --joint_dropout 0.0 --grad_clip_norm 1.0,ok,0,0.8366666666666667,0.5933,0.7633,/Users/hanyiliu/Documents/GitHub/tennis-pose-detection/training_outputs/pose_grid_search_logs_20260310_024913/trial_085.log,170017
86,0.0008,0.005,768,0.15,0.1,0.03,0.003,0.03,0.5,/Users/hanyiliu/anaconda3/bin/python /Users/hanyiliu/Documents/GitHub/tennis-pose-detection/train/pose_train_predicted.py --feature_path /Users/hanyiliu/Documents/GitHub/tennis-pose-detection/saved_models/stage3_predicted_keypoints.pt --epochs 50 --batch_size 64 --train_split 0.7 --val_split 0.15 --test_split 0.15 --seed 42 --early_stop_patience 12 --lr 0.0008 --weight_decay 0.005 --hidden_dim 768 --dropout 0.15 --visibility_threshold 0.1 --label_smoothing 0.03 --xy_noise_std 0.003 --joint_dropout 0.03 --grad_clip_norm 0.5,ok,0,0.84,0.6085,0.75,/Users/hanyiliu/Documents/GitHub/tennis-pose-detection/training_outputs/pose_grid_search_logs_20260310_024913/trial_086.log,176472
87,0.0008,0.005,768,0.3,0.0,0.05,0.005,0.05,1.0,/Users/hanyiliu/anaconda3/bin/python /Users/hanyiliu/Documents/GitHub/tennis-pose-detection/train/pose_train_predicted.py --feature_path /Users/hanyiliu/Documents/GitHub/tennis-pose-detection/saved_models/stage3_predicted_keypoints.pt --epochs 50 --batch_size 64 --train_split 0.7 --val_split 0.15 --test_split 0.15 --seed 42 --early_stop_patience 12 --lr 0.0008 --weight_decay 0.005 --hidden_dim 768 --dropout 0.3 --visibility_threshold 0.0 --label_smoothing 0.05 --xy_noise_std 0.005 --joint_dropout 0.05 --grad_clip_norm 1.0,ok,0,0.8166666666666667,199.2558,0.78,/Users/hanyiliu/Documents/GitHub/tennis-pose-detection/training_outputs/pose_grid_search_logs_20260310_024913/trial_087.log,178349
88,0.0008,0.005,768,0.3,0.0,0.1,0.003,0.02,1.0,/Users/hanyiliu/anaconda3/bin/python /Users/hanyiliu/Documents/GitHub/tennis-pose-detection/train/pose_train_predicted.py --feature_path /Users/hanyiliu/Documents/GitHub/tennis-pose-detection/saved_models/stage3_predicted_keypoints.pt --epochs 50 --batch_size 64 --train_split 0.7 --val_split 0.15 --test_split 0.15 --seed 42 --early_stop_patience 12 --lr 0.0008 --weight_decay 0.005 --hidden_dim 768 --dropout 0.3 --visibility_threshold 0.0 --label_smoothing 0.1 --xy_noise_std 0.003 --joint_dropout 0.02 --grad_clip_norm 1.0,ok,0,0.83,298.6325,0.7733,/Users/hanyiliu/Documents/GitHub/tennis-pose-detection/training_outputs/pose_grid_search_logs_20260310_024913/trial_088.log,178389
89,0.0008,0.001,256,0.15,0.0,0.03,0.005,0.03,2.0,/Users/hanyiliu/anaconda3/bin/python /Users/hanyiliu/Documents/GitHub/tennis-pose-detection/train/pose_train_predicted.py --feature_path /Users/hanyiliu/Documents/GitHub/tennis-pose-detection/saved_models/stage3_predicted_keypoints.pt --epochs 50 --batch_size 64 --train_split 0.7 --val_split 0.15 --test_split 0.15 --seed 42 --early_stop_patience 12 --lr 0.0008 --weight_decay 0.001 --hidden_dim 256 --dropout 0.15 --visibility_threshold 0.0 --label_smoothing 0.03 --xy_noise_std 0.005 --joint_dropout 0.03 --grad_clip_norm 2.0,ok,0,0.8133333333333334,18.6627,0.77,/Users/hanyiliu/Documents/GitHub/tennis-pose-detection/training_outputs/pose_grid_search_logs_20260310_024913/trial_089.log,180331
90,0.0008,0.001,384,0.2,0.2,0.05,0.003,0.03,0.5,/Users/hanyiliu/anaconda3/bin/python /Users/hanyiliu/Documents/GitHub/tennis-pose-detection/train/pose_train_predicted.py --feature_path /Users/hanyiliu/Documents/GitHub/tennis-pose-detection/saved_models/stage3_predicted_keypoints.pt --epochs 50 --batch_size 64 --train_split 0.7 --val_split 0.15 --test_split 0.15 --seed 42 --early_stop_patience 12 --lr 0.0008 --weight_decay 0.001 --hidden_dim 384 --dropout 0.2 --visibility_threshold 0.2 --label_smoothing 0.05 --xy_noise_std 0.003 --joint_dropout 0.03 --grad_clip_norm 0.5,ok,0,0.82,0.6347,0.7767,/Users/hanyiliu/Documents/GitHub/tennis-pose-detection/training_outputs/pose_grid_search_logs_20260310_024913/trial_090.log,186264
91,0.0008,0.001,384,0.4,0.2,0.0,0.01,0.0,0.5,/Users/hanyiliu/anaconda3/bin/python /Users/hanyiliu/Documents/GitHub/tennis-pose-detection/train/pose_train_predicted.py --feature_path /Users/hanyiliu/Documents/GitHub/tennis-pose-detection/saved_models/stage3_predicted_keypoints.pt --epochs 50 --batch_size 64 --train_split 0.7 --val_split 0.15 --test_split 0.15 --seed 42 --early_stop_patience 12 --lr 0.0008 --weight_decay 0.001 --hidden_dim 384 --dropout 0.4 --visibility_threshold 0.2 --label_smoothing 0.0 --xy_noise_std 0.01 --joint_dropout 0.0 --grad_clip_norm 0.5,ok,0,0.84,0.6217,0.7567,/Users/hanyiliu/Documents/GitHub/tennis-pose-detection/training_outputs/pose_grid_search_logs_20260310_024913/trial_091.log,188208
92,0.0008,0.001,512,0.2,0.0,0.05,0.005,0.0,0.5,/Users/hanyiliu/anaconda3/bin/python /Users/hanyiliu/Documents/GitHub/tennis-pose-detection/train/pose_train_predicted.py --feature_path /Users/hanyiliu/Documents/GitHub/tennis-pose-detection/saved_models/stage3_predicted_keypoints.pt --epochs 50 --batch_size 64 --train_split 0.7 --val_split 0.15 --test_split 0.15 --seed 42 --early_stop_patience 12 --lr 0.0008 --weight_decay 0.001 --hidden_dim 512 --dropout 0.2 --visibility_threshold 0.0 --label_smoothing 0.05 --xy_noise_std 0.005 --joint_dropout 0.0 --grad_clip_norm 0.5,ok,0,0.8433333333333334,0.617,0.7667,/Users/hanyiliu/Documents/GitHub/tennis-pose-detection/training_outputs/pose_grid_search_logs_20260310_024913/trial_092.log,189600
93,0.0008,0.001,512,0.2,0.1,0.03,0.003,0.05,1.5,/Users/hanyiliu/anaconda3/bin/python /Users/hanyiliu/Documents/GitHub/tennis-pose-detection/train/pose_train_predicted.py --feature_path /Users/hanyiliu/Documents/GitHub/tennis-pose-detection/saved_models/stage3_predicted_keypoints.pt --epochs 50 --batch_size 64 --train_split 0.7 --val_split 0.15 --test_split 0.15 --seed 42 --early_stop_patience 12 --lr 0.0008 --weight_decay 0.001 --hidden_dim 512 --dropout 0.2 --visibility_threshold 0.1 --label_smoothing 0.03 --xy_noise_std 0.003 --joint_dropout 0.05 --grad_clip_norm 1.5,ok,0,0.82,0.6393,0.7467,/Users/hanyiliu/Documents/GitHub/tennis-pose-detection/training_outputs/pose_grid_search_logs_20260310_024913/trial_093.log,189790
94,0.0008,0.001,512,0.3,0.2,0.0,0.005,0.05,1.0,/Users/hanyiliu/anaconda3/bin/python /Users/hanyiliu/Documents/GitHub/tennis-pose-detection/train/pose_train_predicted.py --feature_path /Users/hanyiliu/Documents/GitHub/tennis-pose-detection/saved_models/stage3_predicted_keypoints.pt --epochs 50 --batch_size 64 --train_split 0.7 --val_split 0.15 --test_split 0.15 --seed 42 --early_stop_patience 12 --lr 0.0008 --weight_decay 0.001 --hidden_dim 512 --dropout 0.3 --visibility_threshold 0.2 --label_smoothing 0.0 --xy_noise_std 0.005 --joint_dropout 0.05 --grad_clip_norm 1.0,ok,0,0.8233333333333334,0.6352,0.76,/Users/hanyiliu/Documents/GitHub/tennis-pose-detection/training_outputs/pose_grid_search_logs_20260310_024913/trial_094.log,191277
95,0.0008,0.001,768,0.2,0.15,0.0,0.005,0.0,1.0,/Users/hanyiliu/anaconda3/bin/python /Users/hanyiliu/Documents/GitHub/tennis-pose-detection/train/pose_train_predicted.py --feature_path /Users/hanyiliu/Documents/GitHub/tennis-pose-detection/saved_models/stage3_predicted_keypoints.pt --epochs 50 --batch_size 64 --train_split 0.7 --val_split 0.15 --test_split 0.15 --seed 42 --early_stop_patience 12 --lr 0.0008 --weight_decay 0.001 --hidden_dim 768 --dropout 0.2 --visibility_threshold 0.15 --label_smoothing 0.0 --xy_noise_std 0.005 --joint_dropout 0.0 --grad_clip_norm 1.0,ok,0,0.8433333333333334,31.1935,0.7633,/Users/hanyiliu/Documents/GitHub/tennis-pose-detection/training_outputs/pose_grid_search_logs_20260310_024913/trial_095.log,194081
96,0.0008,0.001,768,0.4,0.1,0.1,0.001,0.02,1.5,/Users/hanyiliu/anaconda3/bin/python /Users/hanyiliu/Documents/GitHub/tennis-pose-detection/train/pose_train_predicted.py --feature_path /Users/hanyiliu/Documents/GitHub/tennis-pose-detection/saved_models/stage3_predicted_keypoints.pt --epochs 50 --batch_size 64 --train_split 0.7 --val_split 0.15 --test_split 0.15 --seed 42 --early_stop_patience 12 --lr 0.0008 --weight_decay 0.001 --hidden_dim 768 --dropout 0.4 --visibility_threshold 0.1 --label_smoothing 0.1 --xy_noise_std 0.001 --joint_dropout 0.02 --grad_clip_norm 1.5,ok,0,0.83,0.6296,0.7233,/Users/hanyiliu/Documents/GitHub/tennis-pose-detection/training_outputs/pose_grid_search_logs_20260310_024913/trial_096.log,196038
97,0.001,0.01,256,0.2,0.2,0.0,0.01,0.05,1.0,/Users/hanyiliu/anaconda3/bin/python /Users/hanyiliu/Documents/GitHub/tennis-pose-detection/train/pose_train_predicted.py --feature_path /Users/hanyiliu/Documents/GitHub/tennis-pose-detection/saved_models/stage3_predicted_keypoints.pt --epochs 50 --batch_size 64 --train_split 0.7 --val_split 0.15 --test_split 0.15 --seed 42 --early_stop_patience 12 --lr 0.001 --weight_decay 0.01 --hidden_dim 256 --dropout 0.2 --visibility_threshold 0.2 --label_smoothing 0.0 --xy_noise_std 0.01 --joint_dropout 0.05 --grad_clip_norm 1.0,ok,0,0.8233333333333334,0.6331,0.7567,/Users/hanyiliu/Documents/GitHub/tennis-pose-detection/training_outputs/pose_grid_search_logs_20260310_024913/trial_097.log,198461
98,0.001,0.01,256,0.3,0.1,0.0,0.003,0.05,2.0,/Users/hanyiliu/anaconda3/bin/python /Users/hanyiliu/Documents/GitHub/tennis-pose-detection/train/pose_train_predicted.py --feature_path /Users/hanyiliu/Documents/GitHub/tennis-pose-detection/saved_models/stage3_predicted_keypoints.pt --epochs 50 --batch_size 64 --train_split 0.7 --val_split 0.15 --test_split 0.15 --seed 42 --early_stop_patience 12 --lr 0.001 --weight_decay 0.01 --hidden_dim 256 --dropout 0.3 --visibility_threshold 0.1 --label_smoothing 0.0 --xy_noise_std 0.003 --joint_dropout 0.05 --grad_clip_norm 2.0,ok,0,0.81,8.724,0.7567,/Users/hanyiliu/Documents/GitHub/tennis-pose-detection/training_outputs/pose_grid_search_logs_20260310_024913/trial_098.log,198943
99,0.001,0.01,256,0.3,0.15,0.0,0.003,0.02,2.0,/Users/hanyiliu/anaconda3/bin/python /Users/hanyiliu/Documents/GitHub/tennis-pose-detection/train/pose_train_predicted.py --feature_path /Users/hanyiliu/Documents/GitHub/tennis-pose-detection/saved_models/stage3_predicted_keypoints.pt --epochs 50 --batch_size 64 --train_split 0.7 --val_split 0.15 --test_split 0.15 --seed 42 --early_stop_patience 12 --lr 0.001 --weight_decay 0.01 --hidden_dim 256 --dropout 0.3 --visibility_threshold 0.15 --label_smoothing 0.0 --xy_noise_std 0.003 --joint_dropout 0.02 --grad_clip_norm 2.0,ok,0,0.8233333333333334,0.6285,0.7567,/Users/hanyiliu/Documents/GitHub/tennis-pose-detection/training_outputs/pose_grid_search_logs_20260310_024913/trial_099.log,199191
100,0.001,0.01,256,0.3,0.15,0.03,0.01,0.05,2.0,/Users/hanyiliu/anaconda3/bin/python /Users/hanyiliu/Documents/GitHub/tennis-pose-detection/train/pose_train_predicted.py --feature_path /Users/hanyiliu/Documents/GitHub/tennis-pose-detection/saved_models/stage3_predicted_keypoints.pt --epochs 50 --batch_size 64 --train_split 0.7 --val_split 0.15 --test_split 0.15 --seed 42 --early_stop_patience 12 --lr 0.001 --weight_decay 0.01 --hidden_dim 256 --dropout 0.3 --visibility_threshold 0.15 --label_smoothing 0.03 --xy_noise_std 0.01 --joint_dropout 0.05 --grad_clip_norm 2.0,ok,0,0.7966666666666666,0.6746,0.7533,/Users/hanyiliu/Documents/GitHub/tennis-pose-detection/training_outputs/pose_grid_search_logs_20260310_024913/trial_100.log,199295
101,0.001,0.01,256,0.4,0.1,0.05,0.001,0.05,1.5,/Users/hanyiliu/anaconda3/bin/python /Users/hanyiliu/Documents/GitHub/tennis-pose-detection/train/pose_train_predicted.py --feature_path /Users/hanyiliu/Documents/GitHub/tennis-pose-detection/saved_models/stage3_predicted_keypoints.pt --epochs 50 --batch_size 64 --train_split 0.7 --val_split 0.15 --test_split 0.15 --seed 42 --early_stop_patience 12 --lr 0.001 --weight_decay 0.01 --hidden_dim 256 --dropout 0.4 --visibility_threshold 0.1 --label_smoothing 0.05 --xy_noise_std 0.001 --joint_dropout 0.05 --grad_clip_norm 1.5,ok,0,0.8,14.553,0.73,/Users/hanyiliu/Documents/GitHub/tennis-pose-detection/training_outputs/pose_grid_search_logs_20260310_024913/trial_101.log,200078
102,0.001,0.01,384,0.2,0.0,0.0,0.001,0.0,0.5,/Users/hanyiliu/anaconda3/bin/python /Users/hanyiliu/Documents/GitHub/tennis-pose-detection/train/pose_train_predicted.py --feature_path /Users/hanyiliu/Documents/GitHub/tennis-pose-detection/saved_models/stage3_predicted_keypoints.pt --epochs 50 --batch_size 64 --train_split 0.7 --val_split 0.15 --test_split 0.15 --seed 42 --early_stop_patience 12 --lr 0.001 --weight_decay 0.01 --hidden_dim 384 --dropout 0.2 --visibility_threshold 0.0 --label_smoothing 0.0 --xy_noise_std 0.001 --joint_dropout 0.0 --grad_clip_norm 0.5,ok,0,0.84,0.6192,0.75,/Users/hanyiliu/Documents/GitHub/tennis-pose-detection/training_outputs/pose_grid_search_logs_20260310_024913/trial_102.log,201728
103,0.001,0.01,512,0.3,0.15,0.03,0.001,0.0,1.0,/Users/hanyiliu/anaconda3/bin/python /Users/hanyiliu/Documents/GitHub/tennis-pose-detection/train/pose_train_predicted.py --feature_path /Users/hanyiliu/Documents/GitHub/tennis-pose-detection/saved_models/stage3_predicted_keypoints.pt --epochs 50 --batch_size 64 --train_split 0.7 --val_split 0.15 --test_split 0.15 --seed 42 --early_stop_patience 12 --lr 0.001 --weight_decay 0.01 --hidden_dim 512 --dropout 0.3 --visibility_threshold 0.15 --label_smoothing 0.03 --xy_noise_std 0.001 --joint_dropout 0.0 --grad_clip_norm 1.0,ok,0,0.8333333333333334,0.6227,0.7533,/Users/hanyiliu/Documents/GitHub/tennis-pose-detection/training_outputs/pose_grid_search_logs_20260310_024913/trial_103.log,207425
104,0.001,0.01,768,0.15,0.1,0.1,0.01,0.03,0.5,/Users/hanyiliu/anaconda3/bin/python /Users/hanyiliu/Documents/GitHub/tennis-pose-detection/train/pose_train_predicted.py --feature_path /Users/hanyiliu/Documents/GitHub/tennis-pose-detection/saved_models/stage3_predicted_keypoints.pt --epochs 50 --batch_size 64 --train_split 0.7 --val_split 0.15 --test_split 0.15 --seed 42 --early_stop_patience 12 --lr 0.001 --weight_decay 0.01 --hidden_dim 768 --dropout 0.15 --visibility_threshold 0.1 --label_smoothing 0.1 --xy_noise_std 0.01 --joint_dropout 0.03 --grad_clip_norm 0.5,ok,0,0.83,0.6286,0.76,/Users/hanyiliu/Documents/GitHub/tennis-pose-detection/training_outputs/pose_grid_search_logs_20260310_024913/trial_104.log,209400
105,0.001,0.01,768,0.2,0.1,0.05,0.003,0.02,1.0,/Users/hanyiliu/anaconda3/bin/python /Users/hanyiliu/Documents/GitHub/tennis-pose-detection/train/pose_train_predicted.py --feature_path /Users/hanyiliu/Documents/GitHub/tennis-pose-detection/saved_models/stage3_predicted_keypoints.pt --epochs 50 --batch_size 64 --train_split 0.7 --val_split 0.15 --test_split 0.15 --seed 42 --early_stop_patience 12 --lr 0.001 --weight_decay 0.01 --hidden_dim 768 --dropout 0.2 --visibility_threshold 0.1 --label_smoothing 0.05 --xy_noise_std 0.003 --joint_dropout 0.02 --grad_clip_norm 1.0,ok,0,0.8333333333333334,0.5907,0.7667,/Users/hanyiliu/Documents/GitHub/tennis-pose-detection/training_outputs/pose_grid_search_logs_20260310_024913/trial_105.log,210325
106,0.001,0.007,384,0.3,0.2,0.0,0.005,0.05,1.0,/Users/hanyiliu/anaconda3/bin/python /Users/hanyiliu/Documents/GitHub/tennis-pose-detection/train/pose_train_predicted.py --feature_path /Users/hanyiliu/Documents/GitHub/tennis-pose-detection/saved_models/stage3_predicted_keypoints.pt --epochs 50 --batch_size 64 --train_split 0.7 --val_split 0.15 --test_split 0.15 --seed 42 --early_stop_patience 12 --lr 0.001 --weight_decay 0.007 --hidden_dim 384 --dropout 0.3 --visibility_threshold 0.2 --label_smoothing 0.0 --xy_noise_std 0.005 --joint_dropout 0.05 --grad_clip_norm 1.0,ok,0,0.8366666666666667,1.2215,0.76,/Users/hanyiliu/Documents/GitHub/tennis-pose-detection/training_outputs/pose_grid_search_logs_20260310_024913/trial_106.log,219949
107,0.001,0.007,512,0.15,0.0,0.0,0.003,0.03,0.5,/Users/hanyiliu/anaconda3/bin/python /Users/hanyiliu/Documents/GitHub/tennis-pose-detection/train/pose_train_predicted.py --feature_path /Users/hanyiliu/Documents/GitHub/tennis-pose-detection/saved_models/stage3_predicted_keypoints.pt --epochs 50 --batch_size 64 --train_split 0.7 --val_split 0.15 --test_split 0.15 --seed 42 --early_stop_patience 12 --lr 0.001 --weight_decay 0.007 --hidden_dim 512 --dropout 0.15 --visibility_threshold 0.0 --label_smoothing 0.0 --xy_noise_std 0.003 --joint_dropout 0.03 --grad_clip_norm 0.5,ok,0,0.8166666666666667,0.6547,0.7467,/Users/hanyiliu/Documents/GitHub/tennis-pose-detection/training_outputs/pose_grid_search_logs_20260310_024913/trial_107.log,221208
108,0.001,0.007,512,0.15,0.0,0.05,0.003,0.02,1.0,/Users/hanyiliu/anaconda3/bin/python /Users/hanyiliu/Documents/GitHub/tennis-pose-detection/train/pose_train_predicted.py --feature_path /Users/hanyiliu/Documents/GitHub/tennis-pose-detection/saved_models/stage3_predicted_keypoints.pt --epochs 50 --batch_size 64 --train_split 0.7 --val_split 0.15 --test_split 0.15 --seed 42 --early_stop_patience 12 --lr 0.001 --weight_decay 0.007 --hidden_dim 512 --dropout 0.15 --visibility_threshold 0.0 --label_smoothing 0.05 --xy_noise_std 0.003 --joint_dropout 0.02 --grad_clip_norm 1.0,ok,0,0.8066666666666666,0.6309,0.76,/Users/hanyiliu/Documents/GitHub/tennis-pose-detection/training_outputs/pose_grid_search_logs_20260310_024913/trial_108.log,221333
109,0.001,0.007,512,0.15,0.1,0.05,0.001,0.0,2.0,/Users/hanyiliu/anaconda3/bin/python /Users/hanyiliu/Documents/GitHub/tennis-pose-detection/train/pose_train_predicted.py --feature_path /Users/hanyiliu/Documents/GitHub/tennis-pose-detection/saved_models/stage3_predicted_keypoints.pt --epochs 50 --batch_size 64 --train_split 0.7 --val_split 0.15 --test_split 0.15 --seed 42 --early_stop_patience 12 --lr 0.001 --weight_decay 0.007 --hidden_dim 512 --dropout 0.15 --visibility_threshold 0.1 --label_smoothing 0.05 --xy_noise_std 0.001 --joint_dropout 0.0 --grad_clip_norm 2.0,ok,0,0.8466666666666667,0.6677,0.77,/Users/hanyiliu/Documents/GitHub/tennis-pose-detection/training_outputs/pose_grid_search_logs_20260310_024913/trial_109.log,221571
110,0.001,0.007,512,0.4,0.1,0.03,0.005,0.05,1.5,/Users/hanyiliu/anaconda3/bin/python /Users/hanyiliu/Documents/GitHub/tennis-pose-detection/train/pose_train_predicted.py --feature_path /Users/hanyiliu/Documents/GitHub/tennis-pose-detection/saved_models/stage3_predicted_keypoints.pt --epochs 50 --batch_size 64 --train_split 0.7 --val_split 0.15 --test_split 0.15 --seed 42 --early_stop_patience 12 --lr 0.001 --weight_decay 0.007 --hidden_dim 512 --dropout 0.4 --visibility_threshold 0.1 --label_smoothing 0.03 --xy_noise_std 0.005 --joint_dropout 0.05 --grad_clip_norm 1.5,ok,0,0.8066666666666666,0.6366,0.7733,/Users/hanyiliu/Documents/GitHub/tennis-pose-detection/training_outputs/pose_grid_search_logs_20260310_024913/trial_110.log,224622
111,0.001,0.007,768,0.3,0.15,0.03,0.005,0.02,1.5,/Users/hanyiliu/anaconda3/bin/python /Users/hanyiliu/Documents/GitHub/tennis-pose-detection/train/pose_train_predicted.py --feature_path /Users/hanyiliu/Documents/GitHub/tennis-pose-detection/saved_models/stage3_predicted_keypoints.pt --epochs 50 --batch_size 64 --train_split 0.7 --val_split 0.15 --test_split 0.15 --seed 42 --early_stop_patience 12 --lr 0.001 --weight_decay 0.007 --hidden_dim 768 --dropout 0.3 --visibility_threshold 0.15 --label_smoothing 0.03 --xy_noise_std 0.005 --joint_dropout 0.02 --grad_clip_norm 1.5,ok,0,0.85,0.6124,0.7633,/Users/hanyiliu/Documents/GitHub/tennis-pose-detection/training_outputs/pose_grid_search_logs_20260310_024913/trial_111.log,227942
112,0.001,0.005,384,0.2,0.2,0.1,0.01,0.03,1.5,/Users/hanyiliu/anaconda3/bin/python /Users/hanyiliu/Documents/GitHub/tennis-pose-detection/train/pose_train_predicted.py --feature_path /Users/hanyiliu/Documents/GitHub/tennis-pose-detection/saved_models/stage3_predicted_keypoints.pt --epochs 50 --batch_size 64 --train_split 0.7 --val_split 0.15 --test_split 0.15 --seed 42 --early_stop_patience 12 --lr 0.001 --weight_decay 0.005 --hidden_dim 384 --dropout 0.2 --visibility_threshold 0.2 --label_smoothing 0.1 --xy_noise_std 0.01 --joint_dropout 0.03 --grad_clip_norm 1.5,ok,0,0.8433333333333334,0.6412,0.75,/Users/hanyiliu/Documents/GitHub/tennis-pose-detection/training_outputs/pose_grid_search_logs_20260310_024913/trial_112.log,235514
113,0.001,0.005,512,0.15,0.0,0.05,0.003,0.02,1.0,/Users/hanyiliu/anaconda3/bin/python /Users/hanyiliu/Documents/GitHub/tennis-pose-detection/train/pose_train_predicted.py --feature_path /Users/hanyiliu/Documents/GitHub/tennis-pose-detection/saved_models/stage3_predicted_keypoints.pt --epochs 50 --batch_size 64 --train_split 0.7 --val_split 0.15 --test_split 0.15 --seed 42 --early_stop_patience 12 --lr 0.001 --weight_decay 0.005 --hidden_dim 512 --dropout 0.15 --visibility_threshold 0.0 --label_smoothing 0.05 --xy_noise_std 0.003 --joint_dropout 0.02 --grad_clip_norm 1.0,ok,0,0.8066666666666666,2088.0059,0.77,/Users/hanyiliu/Documents/GitHub/tennis-pose-detection/training_outputs/pose_grid_search_logs_20260310_024913/trial_113.log,237717
114,0.001,0.005,512,0.15,0.1,0.0,0.01,0.03,1.0,/Users/hanyiliu/anaconda3/bin/python /Users/hanyiliu/Documents/GitHub/tennis-pose-detection/train/pose_train_predicted.py --feature_path /Users/hanyiliu/Documents/GitHub/tennis-pose-detection/saved_models/stage3_predicted_keypoints.pt --epochs 50 --batch_size 64 --train_split 0.7 --val_split 0.15 --test_split 0.15 --seed 42 --early_stop_patience 12 --lr 0.001 --weight_decay 0.005 --hidden_dim 512 --dropout 0.15 --visibility_threshold 0.1 --label_smoothing 0.0 --xy_noise_std 0.01 --joint_dropout 0.03 --grad_clip_norm 1.0,ok,0,0.8166666666666667,24.2145,0.72,/Users/hanyiliu/Documents/GitHub/tennis-pose-detection/training_outputs/pose_grid_search_logs_20260310_024913/trial_114.log,237881
115,0.001,0.005,512,0.3,0.2,0.05,0.01,0.03,1.5,/Users/hanyiliu/anaconda3/bin/python /Users/hanyiliu/Documents/GitHub/tennis-pose-detection/train/pose_train_predicted.py --feature_path /Users/hanyiliu/Documents/GitHub/tennis-pose-detection/saved_models/stage3_predicted_keypoints.pt --epochs 50 --batch_size 64 --train_split 0.7 --val_split 0.15 --test_split 0.15 --seed 42 --early_stop_patience 12 --lr 0.001 --weight_decay 0.005 --hidden_dim 512 --dropout 0.3 --visibility_threshold 0.2 --label_smoothing 0.05 --xy_noise_std 0.01 --joint_dropout 0.03 --grad_clip_norm 1.5,ok,0,0.83,5.4295,0.76,/Users/hanyiliu/Documents/GitHub/tennis-pose-detection/training_outputs/pose_grid_search_logs_20260310_024913/trial_115.log,240570
116,0.001,0.005,512,0.4,0.0,0.1,0.005,0.02,1.5,/Users/hanyiliu/anaconda3/bin/python /Users/hanyiliu/Documents/GitHub/tennis-pose-detection/train/pose_train_predicted.py --feature_path /Users/hanyiliu/Documents/GitHub/tennis-pose-detection/saved_models/stage3_predicted_keypoints.pt --epochs 50 --batch_size 64 --train_split 0.7 --val_split 0.15 --test_split 0.15 --seed 42 --early_stop_patience 12 --lr 0.001 --weight_decay 0.005 --hidden_dim 512 --dropout 0.4 --visibility_threshold 0.0 --label_smoothing 0.1 --xy_noise_std 0.005 --joint_dropout 0.02 --grad_clip_norm 1.5,ok,0,0.8133333333333334,0.6885,0.7467,/Users/hanyiliu/Documents/GitHub/tennis-pose-detection/training_outputs/pose_grid_search_logs_20260310_024913/trial_116.log,240870
117,0.001,0.005,768,0.15,0.15,0.05,0.01,0.02,1.0,/Users/hanyiliu/anaconda3/bin/python /Users/hanyiliu/Documents/GitHub/tennis-pose-detection/train/pose_train_predicted.py --feature_path /Users/hanyiliu/Documents/GitHub/tennis-pose-detection/saved_models/stage3_predicted_keypoints.pt --epochs 50 --batch_size 64 --train_split 0.7 --val_split 0.15 --test_split 0.15 --seed 42 --early_stop_patience 12 --lr 0.001 --weight_decay 0.005 --hidden_dim 768 --dropout 0.15 --visibility_threshold 0.15 --label_smoothing 0.05 --xy_noise_std 0.01 --joint_dropout 0.02 --grad_clip_norm 1.0,ok,0,0.8233333333333334,0.6038,0.7667,/Users/hanyiliu/Documents/GitHub/tennis-pose-detection/training_outputs/pose_grid_search_logs_20260310_024913/trial_117.log,242357
118,0.001,0.005,768,0.4,0.15,0.05,0.003,0.0,0.5,/Users/hanyiliu/anaconda3/bin/python /Users/hanyiliu/Documents/GitHub/tennis-pose-detection/train/pose_train_predicted.py --feature_path /Users/hanyiliu/Documents/GitHub/tennis-pose-detection/saved_models/stage3_predicted_keypoints.pt --epochs 50 --batch_size 64 --train_split 0.7 --val_split 0.15 --test_split 0.15 --seed 42 --early_stop_patience 12 --lr 0.001 --weight_decay 0.005 --hidden_dim 768 --dropout 0.4 --visibility_threshold 0.15 --label_smoothing 0.05 --xy_noise_std 0.003 --joint_dropout 0.0 --grad_clip_norm 0.5,ok,0,0.8533333333333334,0.8723,0.76,/Users/hanyiliu/Documents/GitHub/tennis-pose-detection/training_outputs/pose_grid_search_logs_20260310_024913/trial_118.log,245392
119,0.001,0.001,768,0.15,0.15,0.05,0.01,0.03,0.5,/Users/hanyiliu/anaconda3/bin/python /Users/hanyiliu/Documents/GitHub/tennis-pose-detection/train/pose_train_predicted.py --feature_path /Users/hanyiliu/Documents/GitHub/tennis-pose-detection/saved_models/stage3_predicted_keypoints.pt --epochs 50 --batch_size 64 --train_split 0.7 --val_split 0.15 --test_split 0.15 --seed 42 --early_stop_patience 12 --lr 0.001 --weight_decay 0.001 --hidden_dim 768 --dropout 0.15 --visibility_threshold 0.15 --label_smoothing 0.05 --xy_noise_std 0.01 --joint_dropout 0.03 --grad_clip_norm 0.5,ok,0,0.83,0.601,0.7767,/Users/hanyiliu/Documents/GitHub/tennis-pose-detection/training_outputs/pose_grid_search_logs_20260310_024913/trial_119.log,258744
120,0.001,0.001,768,0.4,0.15,0.03,0.005,0.05,0.5,/Users/hanyiliu/anaconda3/bin/python /Users/hanyiliu/Documents/GitHub/tennis-pose-detection/train/pose_train_predicted.py --feature_path /Users/hanyiliu/Documents/GitHub/tennis-pose-detection/saved_models/stage3_predicted_keypoints.pt --epochs 50 --batch_size 64 --train_split 0.7 --val_split 0.15 --test_split 0.15 --seed 42 --early_stop_patience 12 --lr 0.001 --weight_decay 0.001 --hidden_dim 768 --dropout 0.4 --visibility_threshold 0.15 --label_smoothing 0.03 --xy_noise_std 0.005 --joint_dropout 0.05 --grad_clip_norm 0.5,ok,0,0.8066666666666666,13.127,0.7367,/Users/hanyiliu/Documents/GitHub/tennis-pose-detection/training_outputs/pose_grid_search_logs_20260310_024913/trial_120.log,261740
